ID,Category
0,7
1,5
2,9
3,8
4,6
5,8
6,7
7,9
8,9
9,8
10,3
11,9
12,9
13,9
14,7
15,8
16,8
17,8
18,8
19,6
20,8
21,7
22,6
23,8
24,6
25,7
26,8
27,9
28,8
29,4
30,7
31,7
32,8
33,3
34,9
35,8
36,9
37,9
38,6
39,8
40,8
41,9
42,9
43,5
44,9
45,8
46,7
47,9
48,8
49,7
50,8
51,7
52,9
53,8
54,8
55,6
56,5
57,9
58,9
59,9
60,7
61,9
62,7
63,7
64,6
65,9
66,6
67,8
68,9
69,5
70,8
71,8
72,8
73,7
74,7
75,8
76,8
77,8
78,8
79,7
80,7
81,8
82,9
83,9
84,5
85,7
86,7
87,8
88,9
89,7
90,5
91,7
92,8
93,4
94,5
95,7
96,8
97,8
98,9
99,9
100,8
101,7
102,9
103,8
104,5
105,8
106,5
107,8
108,9
109,8
110,8
111,9
112,7
113,3
114,8
115,9
116,7
117,7
118,3
119,9
120,4
121,7
122,8
123,7
124,8
125,8
126,6
127,6
128,8
129,8
130,8
131,7
132,9
133,8
134,9
135,9
136,8
137,6
138,9
139,8
140,8
141,8
142,5
143,9
144,7
145,8
146,6
147,8
148,9
149,9
150,9
151,4
152,8
153,9
154,9
155,8
156,9
157,5
158,6
159,7
160,9
161,2
162,9
163,8
164,8
165,8
166,8
167,8
168,8
169,9
170,6
171,9
172,5
173,9
174,9
175,8
176,9
177,9
178,9
179,3
180,9
181,5
182,8
183,8
184,9
185,8
186,8
187,8
188,6
189,6
190,9
191,3
192,8
193,6
194,9
195,6
196,7
197,7
198,6
199,7
200,8
201,7
202,6
203,9
204,7
205,7
206,8
207,9
208,8
209,3
210,9
211,8
212,9
213,6
214,8
215,8
216,5
217,9
218,8
219,8
220,6
221,8
222,8
223,8
224,8
225,8
226,6
227,8
228,5
229,6
230,9
231,8
232,2
233,5
234,9
235,8
236,3
237,9
238,9
239,8
240,7
241,4
242,7
243,8
244,8
245,9
246,8
247,7
248,9
249,5
250,8
251,9
252,7
253,4
254,8
255,7
256,8
257,8
258,6
259,8
260,7
261,7
262,9
263,7
264,6
265,8
266,8
267,3
268,8
269,9
270,8
271,4
272,8
273,8
274,9
275,9
276,9
277,8
278,3
279,9
280,8
281,8
282,7
283,8
284,3
285,8
286,8
287,9
288,7
289,8
290,8
291,9
292,5
293,9
294,9
295,6
296,7
297,4
298,8
299,5
300,9
301,8
302,8
303,9
304,8
305,8
306,7
307,4
308,4
309,6
310,8
311,6
312,6
313,9
314,5
315,6
316,9
317,9
318,8
319,9
320,8
321,5
322,8
323,7
324,8
325,8
326,7
327,9
328,6
329,8
330,8
331,8
332,9
333,8
334,5
335,8
336,2
337,9
338,7
339,7
340,9
341,8
342,7
343,7
344,7
345,8
346,8
347,9
348,8
349,9
350,8
351,7
352,8
353,8
354,7
355,8
356,9
357,3
358,8
359,8
360,8
361,3
362,7
363,7
364,1
365,5
366,8
367,8
368,9
369,9
370,7
371,7
372,5
373,7
374,3
375,3
376,9
377,8
378,8
379,7
380,8
381,9
382,6
383,9
384,4
385,9
386,7
387,7
388,8
389,8
390,7
391,6
392,8
393,6
394,6
395,8
396,7
397,8
398,9
399,7
400,7
401,3
402,7
403,8
404,8
405,9
406,9
407,8
408,6
409,8
410,7
411,9
412,8
413,7
414,7
415,7
416,8
417,8
418,6
419,9
420,8
421,7
422,6
423,8
424,8
425,7
426,4
427,3
428,9
429,8
430,2
431,9
432,6
433,8
434,4
435,8
436,9
437,9
438,8
439,9
440,7
441,3
442,4
443,2
444,9
445,2
446,8
447,7
448,7
449,7
450,9
451,7
452,5
453,2
454,8
455,9
456,7
457,9
458,9
459,5
460,7
461,4
462,5
463,9
464,6
465,9
466,4
467,8
468,9
469,7
470,7
471,8
472,7
473,5
474,3
475,9
476,8
477,6
478,9
479,8
480,3
481,8
482,8
483,6
484,9
485,7
486,9
487,9
488,8
489,4
490,7
491,7
492,9
493,8
494,8
495,8
496,6
497,8
498,8
499,8
500,4
501,5
502,7
503,8
504,9
505,9
506,7
507,3
508,8
509,7
510,9
511,4
512,8
513,8
514,8
515,6
516,9
517,7
518,9
519,8
520,7
521,6
522,8
523,7
524,8
525,9
526,1
527,9
528,9
529,8
530,8
531,4
532,6
533,9
534,8
535,8
536,5
537,8
538,9
539,9
540,8
541,8
542,8
543,9
544,7
545,8
546,8
547,6
548,7
549,8
550,8
551,4
552,8
553,8
554,8
555,7
556,4
557,5
558,6
559,9
560,9
561,9
562,1
563,4
564,8
565,8
566,7
567,8
568,6
569,8
570,8
571,8
572,8
573,6
574,7
575,4
576,9
577,5
578,9
579,4
580,9
581,8
582,9
583,8
584,9
585,9
586,8
587,9
588,9
589,6
590,8
591,9
592,9
593,9
594,8
595,8
596,5
597,8
598,8
599,5
600,6
601,7
602,5
603,9
604,6
605,2
606,9
607,5
608,5
609,9
610,7
611,8
612,2
613,5
614,8
615,8
616,9
617,2
618,8
619,7
620,8
621,8
622,8
623,9
624,9
625,7
626,8
627,9
628,8
629,6
630,6
631,7
632,7
633,8
634,8
635,3
636,8
637,6
638,8
639,9
640,9
641,6
642,8
643,8
644,8
645,9
646,9
647,9
648,8
649,5
650,9
651,8
652,7
653,8
654,2
655,8
656,9
657,9
658,6
659,8
660,9
661,9
662,5
663,9
664,6
665,6
666,9
667,9
668,8
669,3
670,3
671,8
672,8
673,9
674,9
675,4
676,9
677,8
678,8
679,8
680,7
681,7
682,8
683,8
684,7
685,5
686,8
687,9
688,8
689,8
690,8
691,5
692,6
693,9
694,5
695,8
696,9
697,5
698,9
699,8
700,5
701,9
702,4
703,9
704,4
705,5
706,6
707,9
708,8
709,7
710,9
711,7
712,8
713,9
714,7
715,6
716,8
717,6
718,9
719,8
720,7
721,9
722,6
723,3
724,8
725,8
726,7
727,7
728,9
729,9
730,8
731,8
732,8
733,9
734,9
735,9
736,4
737,7
738,8
739,6
740,9
741,9
742,9
743,9
744,8
745,8
746,6
747,8
748,7
749,8
750,4
751,6
752,6
753,8
754,8
755,7
756,6
757,7
758,7
759,9
760,5
761,8
762,5
763,8
764,3
765,8
766,9
767,8
768,9
769,8
770,9
771,7
772,7
773,6
774,9
775,7
776,7
777,9
778,7
779,8
780,6
781,3
782,7
783,6
784,5
785,8
786,9
787,4
788,5
789,8
790,9
791,8
792,5
793,9
794,8
795,8
796,8
797,8
798,2
799,6
800,8
801,9
802,9
803,9
804,6
805,8
806,8
807,3
808,2
809,2
810,9
811,8
812,3
813,9
814,7
815,9
816,8
817,6
818,9
819,8
820,8
821,7
822,7
823,6
824,5
825,8
826,7
827,9
828,2
829,7
830,6
831,3
832,8
833,7
834,9
835,8
836,8
837,9
838,7
839,9
840,6
841,2
842,9
843,8
844,9
845,9
846,4
847,6
848,7
849,3
850,6
851,9
852,8
853,8
854,8
855,9
856,4
857,9
858,8
859,7
860,8
861,8
862,9
863,9
864,6
865,7
866,7
867,8
868,9
869,8
870,4
871,8
872,7
873,9
874,5
875,9
876,6
877,8
878,9
879,6
880,4
881,8
882,5
883,9
884,8
885,7
886,9
887,9
888,8
889,4
890,6
891,7
892,9
893,8
894,7
895,9
896,6
897,9
898,8
899,7
900,8
901,5
902,3
903,3
904,8
905,4
906,8
907,8
908,8
909,7
910,9
911,9
912,9
913,8
914,8
915,8
916,4
917,9
918,4
919,6
920,6
921,8
922,9
923,7
924,9
925,9
926,3
927,4
928,7
929,5
930,5
931,6
932,4
933,6
934,7
935,9
936,8
937,7
938,6
939,3
940,2
941,7
942,9
943,6
944,5
945,9
946,2
947,7
948,9
949,5
950,8
951,9
952,4
953,9
954,6
955,9
956,3
957,9
958,6
959,9
960,2
961,4
962,8
963,8
964,8
965,4
966,9
967,5
968,9
969,7
970,4
971,8
972,9
973,7
974,9
975,4
976,2
977,7
978,6
979,9
980,8
981,8
982,8
983,7
984,3
985,8
986,9
987,6
988,9
989,6
990,4
991,7
992,7
993,6
994,6
995,6
996,8
997,8
998,8
999,9
1000,7
1001,8
1002,8
1003,7
1004,8
1005,7
1006,7
1007,8
1008,5
1009,8
1010,6
1011,8
1012,7
1013,6
1014,7
1015,8
1016,6
1017,9
1018,6
1019,8
1020,9
1021,9
1022,7
1023,9
1024,4
1025,3
1026,5
1027,8
1028,8
1029,5
1030,1
1031,9
1032,6
1033,6
1034,8
1035,8
1036,8
1037,8
1038,8
1039,9
1040,7
1041,3
1042,5
1043,8
1044,4
1045,8
1046,3
1047,9
1048,8
1049,9
1050,9
1051,9
1052,8
1053,6
1054,7
1055,8
1056,8
1057,7
1058,9
1059,9
1060,9
1061,2
1062,8
1063,8
1064,8
1065,3
1066,8
1067,5
1068,8
1069,7
1070,8
1071,9
1072,9
1073,8
1074,7
1075,8
1076,9
1077,7
1078,9
1079,7
1080,6
1081,8
1082,9
1083,6
1084,8
1085,4
1086,2
1087,7
1088,5
1089,8
1090,8
1091,7
1092,9
1093,9
1094,8
1095,9
1096,7
1097,6
1098,2
1099,9
1100,8
1101,9
1102,8
1103,7
1104,9
1105,8
1106,3
1107,6
1108,8
1109,4
1110,9
1111,8
1112,8
1113,9
1114,4
1115,8
1116,7
1117,6
1118,8
1119,7
1120,9
1121,9
1122,8
1123,9
1124,8
1125,9
1126,8
1127,9
1128,6
1129,9
1130,9
1131,9
1132,8
1133,5
1134,7
1135,8
1136,8
1137,9
1138,6
1139,8
1140,9
1141,6
1142,5
1143,3
1144,7
1145,9
1146,9
1147,9
1148,8
1149,5
1150,9
1151,8
1152,9
1153,7
1154,9
1155,8
1156,7
1157,9
1158,8
1159,9
1160,8
1161,5
1162,9
1163,8
1164,4
1165,9
1166,8
1167,8
1168,8
1169,9
1170,9
1171,8
1172,8
1173,9
1174,8
1175,8
1176,7
1177,9
1178,8
1179,8
1180,8
1181,9
1182,8
1183,8
1184,7
1185,5
1186,9
1187,7
1188,7
1189,6
1190,8
1191,9
1192,9
1193,8
1194,8
1195,8
1196,9
1197,9
1198,9
1199,7
1200,8
1201,8
1202,3
1203,9
1204,6
1205,7
1206,7
1207,3
1208,7
1209,7
1210,9
1211,6
1212,9
1213,7
1214,7
1215,7
1216,7
1217,8
1218,9
1219,9
1220,8
1221,8
1222,9
1223,9
1224,7
1225,7
1226,7
1227,8
1228,8
1229,7
1230,9
1231,8
1232,8
1233,8
1234,9
1235,3
1236,4
1237,8
1238,2
1239,8
1240,9
1241,8
1242,9
1243,3
1244,8
1245,8
1246,5
1247,8
1248,6
1249,4
1250,8
1251,4
1252,5
1253,9
1254,9
1255,8
1256,6
1257,2
1258,8
1259,8
1260,9
1261,9
1262,3
1263,8
1264,8
1265,9
1266,9
1267,9
1268,7
1269,8
1270,9
1271,7
1272,9
1273,5
1274,3
1275,4
1276,4
1277,5
1278,7
1279,9
1280,8
1281,8
1282,7
1283,3
1284,8
1285,9
1286,9
1287,8
1288,6
1289,7
1290,8
1291,2
1292,9
1293,8
1294,9
1295,9
1296,9
1297,9
1298,9
1299,3
1300,6
1301,7
1302,8
1303,5
1304,9
1305,7
1306,8
1307,8
1308,7
1309,7
1310,9
1311,8
1312,8
1313,9
1314,8
1315,5
1316,8
1317,9
1318,8
1319,9
1320,7
1321,4
1322,6
1323,7
1324,3
1325,7
1326,9
1327,9
1328,9
1329,8
1330,8
1331,8
1332,8
1333,8
1334,9
1335,4
1336,7
1337,9
1338,8
1339,8
1340,9
1341,6
1342,7
1343,9
1344,9
1345,6
1346,8
1347,9
1348,8
1349,9
1350,9
1351,7
1352,3
1353,7
1354,8
1355,8
1356,9
1357,7
1358,6
1359,9
1360,9
1361,7
1362,9
1363,9
1364,7
1365,9
1366,5
1367,8
1368,5
1369,9
1370,8
1371,7
1372,8
1373,6
1374,9
1375,8
1376,8
1377,9
1378,7
1379,6
1380,8
1381,6
1382,8
1383,7
1384,9
1385,9
1386,9
1387,7
1388,7
1389,9
1390,9
1391,9
1392,8
1393,9
1394,7
1395,3
1396,8
1397,7
1398,9
1399,7
1400,9
1401,6
1402,3
1403,9
1404,7
1405,2
1406,9
1407,5
1408,8
1409,2
1410,9
1411,6
1412,7
1413,6
1414,7
1415,8
1416,8
1417,8
1418,8
1419,8
1420,2
1421,6
1422,9
1423,9
1424,7
1425,8
1426,8
1427,8
1428,4
1429,4
1430,5
1431,9
1432,9
1433,8
1434,9
1435,7
1436,9
1437,6
1438,9
1439,5
1440,8
1441,9
1442,7
1443,9
1444,4
1445,5
1446,9
1447,9
1448,2
1449,9
1450,9
1451,9
1452,9
1453,4
1454,8
1455,9
1456,7
1457,4
1458,9
1459,9
1460,9
1461,8
1462,5
1463,9
1464,9
1465,8
1466,3
1467,9
1468,8
1469,9
1470,4
1471,8
1472,7
1473,8
1474,2
1475,8
1476,9
1477,8
1478,9
1479,8
1480,8
1481,4
1482,9
1483,9
1484,7
1485,9
1486,8
1487,8
1488,8
1489,9
1490,5
1491,3
1492,3
1493,9
1494,8
1495,9
1496,8
1497,9
1498,7
1499,8
1500,7
1501,7
1502,8
1503,7
1504,8
1505,8
1506,8
1507,8
1508,8
1509,9
1510,9
1511,8
1512,5
1513,7
1514,8
1515,5
1516,8
1517,8
1518,8
1519,8
1520,6
1521,8
1522,9
1523,7
1524,5
1525,8
1526,6
1527,9
1528,7
1529,6
1530,5
1531,7
1532,4
1533,8
1534,9
1535,9
1536,9
1537,8
1538,6
1539,6
1540,2
1541,9
1542,9
1543,2
1544,8
1545,7
1546,3
1547,9
1548,9
1549,4
1550,9
1551,7
1552,5
1553,8
1554,9
1555,8
1556,5
1557,7
1558,8
1559,9
1560,6
1561,8
1562,8
1563,9
1564,6
1565,6
1566,8
1567,2
1568,6
1569,9
1570,8
1571,9
1572,8
1573,6
1574,8
1575,8
1576,7
1577,9
1578,8
1579,7
1580,9
1581,8
1582,8
1583,7
1584,9
1585,9
1586,2
1587,7
1588,5
1589,8
1590,5
1591,9
1592,8
1593,7
1594,2
1595,5
1596,8
1597,4
1598,8
1599,7
1600,3
1601,8
1602,4
1603,9
1604,4
1605,7
1606,9
1607,6
1608,4
1609,9
1610,7
1611,9
1612,8
1613,7
1614,9
1615,6
1616,8
1617,5
1618,9
1619,6
1620,9
1621,8
1622,8
1623,9
1624,8
1625,8
1626,5
1627,8
1628,7
1629,9
1630,4
1631,9
1632,9
1633,7
1634,9
1635,9
1636,8
1637,8
1638,4
1639,8
1640,9
1641,9
1642,5
1643,9
1644,9
1645,6
1646,8
1647,5
1648,9
1649,7
1650,9
1651,9
1652,9
1653,3
1654,4
1655,4
1656,8
1657,6
1658,6
1659,7
1660,8
1661,8
1662,7
1663,7
1664,3
1665,8
1666,8
1667,9
1668,8
1669,6
1670,8
1671,9
1672,8
1673,9
1674,7
1675,7
1676,8
1677,8
1678,7
1679,9
1680,6
1681,3
1682,7
1683,8
1684,7
1685,9
1686,7
1687,2
1688,8
1689,6
1690,9
1691,3
1692,7
1693,9
1694,9
1695,9
1696,7
1697,8
1698,7
1699,8
1700,8
1701,2
1702,9
1703,9
1704,9
1705,8
1706,7
1707,8
1708,8
1709,4
1710,7
1711,4
1712,7
1713,7
1714,8
1715,9
1716,9
1717,9
1718,8
1719,9
1720,7
1721,9
1722,6
1723,4
1724,9
1725,2
1726,9
1727,9
1728,9
1729,3
1730,4
1731,9
1732,6
1733,6
1734,8
1735,8
1736,8
1737,8
1738,8
1739,7
1740,9
1741,7
1742,6
1743,8
1744,8
1745,6
1746,9
1747,9
1748,5
1749,7
1750,9
1751,2
1752,9
1753,8
1754,7
1755,8
1756,8
1757,7
1758,9
1759,8
1760,6
1761,9
1762,8
1763,8
1764,8
1765,8
1766,6
1767,6
1768,9
1769,8
1770,9
1771,5
1772,7
1773,4
1774,8
1775,8
1776,9
1777,8
1778,8
1779,9
1780,3
1781,9
1782,7
1783,8
1784,8
1785,5
1786,8
1787,9
1788,8
1789,9
1790,8
1791,6
1792,8
1793,9
1794,8
1795,9
1796,9
1797,6
1798,9
1799,9
1800,8
1801,7
1802,8
1803,9
1804,6
1805,8
1806,8
1807,7
1808,9
1809,7
1810,8
1811,8
1812,9
1813,8
1814,6
1815,6
1816,9
1817,8
1818,9
1819,8
1820,7
1821,7
1822,8
1823,9
1824,5
1825,8
1826,8
1827,8
1828,5
1829,9
1830,7
1831,3
1832,4
1833,7
1834,7
1835,9
1836,9
1837,7
1838,9
1839,9
1840,9
1841,8
1842,8
1843,9
1844,8
1845,8
1846,4
1847,8
1848,5
1849,5
1850,9
1851,6
1852,6
1853,9
1854,7
1855,7
1856,8
1857,8
1858,9
1859,5
1860,7
1861,3
1862,7
1863,7
1864,8
1865,8
1866,5
1867,9
1868,8
1869,8
1870,9
1871,7
1872,7
1873,9
1874,7
1875,7
1876,3
1877,9
1878,2
1879,8
1880,7
1881,8
1882,3
1883,9
1884,7
1885,9
1886,9
1887,7
1888,7
1889,6
1890,7
1891,4
1892,6
1893,8
1894,8
1895,6
1896,9
1897,8
1898,6
1899,6
1900,9
1901,8
1902,9
1903,6
1904,4
1905,8
1906,8
1907,2
1908,8
1909,4
1910,7
1911,7
1912,3
1913,7
1914,9
1915,6
1916,6
1917,9
1918,8
1919,7
1920,7
1921,7
1922,8
1923,3
1924,7
1925,7
1926,8
1927,7
1928,9
1929,5
1930,9
1931,4
1932,9
1933,8
1934,7
1935,6
1936,2
1937,8
1938,8
1939,8
1940,8
1941,8
1942,1
1943,7
1944,9
1945,5
1946,8
1947,5
1948,6
1949,6
1950,9
1951,8
1952,8
1953,9
1954,8
1955,6
1956,6
1957,3
1958,9
1959,9
1960,4
1961,9
1962,8
1963,9
1964,9
1965,9
1966,9
1967,4
1968,6
1969,4
1970,8
1971,7
1972,9
1973,8
1974,8
1975,9
1976,9
1977,8
1978,9
1979,6
1980,4
1981,9
1982,9
1983,8
1984,8
1985,8
1986,9
1987,8
1988,8
1989,7
1990,7
1991,8
1992,8
1993,6
1994,7
1995,5
1996,8
1997,5
1998,6
1999,9
2000,9
2001,6
2002,9
2003,5
2004,8
2005,8
2006,8
2007,5
2008,8
2009,8
2010,8
2011,6
2012,8
2013,8
2014,9
2015,9
2016,8
2017,8
2018,3
2019,9
2020,9
2021,8
2022,4
2023,6
2024,2
2025,7
2026,2
2027,9
2028,9
2029,9
2030,5
2031,5
2032,8
2033,8
2034,8
2035,9
2036,3
2037,5
2038,7
2039,7
2040,7
2041,6
2042,9
2043,9
2044,6
2045,9
2046,8
2047,7
2048,9
2049,9
2050,9
2051,9
2052,7
2053,9
2054,8
2055,8
2056,7
2057,7
2058,7
2059,9
2060,4
2061,5
2062,8
2063,8
2064,8
2065,7
2066,7
2067,8
2068,9
2069,7
2070,2
2071,7
2072,6
2073,5
2074,5
2075,4
2076,7
2077,3
2078,8
2079,8
2080,8
2081,9
2082,8
2083,5
2084,8
2085,6
2086,9
2087,6
2088,4
2089,8
2090,8
2091,7
2092,9
2093,6
2094,6
2095,5
2096,5
2097,9
2098,7
2099,3
2100,6
2101,9
2102,8
2103,7
2104,8
2105,7
2106,9
2107,9
2108,8
2109,8
2110,9
2111,7
2112,9
2113,4
2114,9
2115,8
2116,8
2117,9
2118,8
2119,9
2120,4
2121,6
2122,9
2123,7
2124,5
2125,8
2126,5
2127,4
2128,8
2129,8
2130,9
2131,9
2132,9
2133,9
2134,8
2135,9
2136,8
2137,7
2138,8
2139,8
2140,8
2141,7
2142,8
2143,8
2144,7
2145,9
2146,9
2147,6
2148,6
2149,8
2150,7
2151,9
2152,7
2153,8
2154,9
2155,9
2156,5
2157,7
2158,3
2159,6
2160,9
2161,8
2162,1
2163,8
2164,9
2165,8
2166,3
2167,5
2168,8
2169,8
2170,9
2171,9
2172,7
2173,8
2174,3
2175,9
2176,6
2177,9
2178,9
2179,9
2180,9
2181,7
2182,3
2183,8
2184,8
2185,7
2186,9
2187,6
2188,9
2189,7
2190,8
2191,7
2192,8
2193,6
2194,7
2195,9
2196,3
2197,9
2198,3
2199,9
2200,9
2201,8
2202,8
2203,5
2204,7
2205,9
2206,6
2207,9
2208,9
2209,3
2210,4
2211,8
2212,9
2213,7
2214,8
2215,9
2216,7
2217,8
2218,9
2219,5
2220,9
2221,8
2222,9
2223,2
2224,7
2225,8
2226,8
2227,6
2228,8
2229,4
2230,8
2231,6
2232,3
2233,3
2234,6
2235,9
2236,9
2237,6
2238,6
2239,9
2240,9
2241,7
2242,8
2243,9
2244,7
2245,8
2246,9
2247,7
2248,2
2249,8
2250,7
2251,6
2252,8
2253,5
2254,8
2255,5
2256,9
2257,4
2258,5
2259,8
2260,8
2261,5
2262,9
2263,6
2264,9
2265,8
2266,8
2267,3
2268,2
2269,8
2270,7
2271,7
2272,9
2273,8
2274,1
2275,2
2276,9
2277,9
2278,2
2279,9
2280,8
2281,6
2282,8
2283,7
2284,6
2285,8
2286,8
2287,5
2288,7
2289,8
2290,9
2291,8
2292,8
2293,9
2294,8
2295,9
2296,4
2297,8
2298,8
2299,9
2300,8
2301,7
2302,8
2303,7
2304,8
2305,8
2306,9
2307,9
2308,8
2309,8
2310,4
2311,8
2312,9
2313,9
2314,8
2315,7
2316,8
2317,2
2318,6
2319,7
2320,6
2321,9
2322,6
2323,5
2324,3
2325,9
2326,9
2327,8
2328,9
2329,8
2330,8
2331,9
2332,7
2333,3
2334,8
2335,8
2336,2
2337,3
2338,9
2339,8
2340,3
2341,9
2342,3
2343,9
2344,3
2345,4
2346,8
2347,8
2348,9
2349,8
2350,4
2351,8
2352,8
2353,5
2354,3
2355,8
2356,8
2357,8
2358,7
2359,8
2360,9
2361,8
2362,7
2363,9
2364,8
2365,7
2366,9
2367,7
2368,7
2369,7
2370,6
2371,8
2372,9
2373,6
2374,7
2375,8
2376,1
2377,7
2378,7
2379,6
2380,9
2381,9
2382,5
2383,6
2384,3
2385,7
2386,9
2387,7
2388,9
2389,5
2390,9
2391,5
2392,3
2393,5
2394,9
2395,3
2396,9
2397,9
2398,5
2399,9
2400,5
2401,8
2402,8
2403,9
2404,8
2405,8
2406,9
2407,8
2408,4
2409,4
2410,8
2411,9
2412,3
2413,8
2414,8
2415,8
2416,9
2417,7
2418,9
2419,8
2420,6
2421,7
2422,3
2423,8
2424,9
2425,9
2426,8
2427,7
2428,8
2429,7
2430,9
2431,9
2432,6
2433,8
2434,9
2435,9
2436,9
2437,9
2438,7
2439,9
2440,9
2441,7
2442,7
2443,6
2444,6
2445,8
2446,9
2447,4
2448,5
2449,8
2450,8
2451,9
2452,9
2453,8
2454,9
2455,8
2456,8
2457,9
2458,9
2459,8
2460,8
2461,7
2462,9
2463,8
2464,9
2465,6
2466,9
2467,8
2468,6
2469,6
2470,2
2471,4
2472,7
2473,9
2474,7
2475,7
2476,7
2477,2
2478,6
2479,3
2480,5
2481,7
2482,5
2483,9
2484,7
2485,9
2486,8
2487,8
2488,6
2489,8
2490,7
2491,8
2492,8
2493,8
2494,3
2495,9
2496,8
2497,8
2498,8
2499,6
2500,4
2501,7
2502,5
2503,5
2504,7
2505,9
2506,3
2507,9
2508,9
2509,7
2510,8
2511,7
2512,8
2513,9
2514,8
2515,9
2516,2
2517,1
2518,9
2519,9
2520,6
2521,7
2522,8
2523,9
2524,7
2525,6
2526,5
2527,8
2528,9
2529,6
2530,6
2531,8
2532,7
2533,6
2534,9
2535,8
2536,7
2537,9
2538,5
2539,9
2540,6
2541,8
2542,9
2543,2
2544,9
2545,7
2546,9
2547,9
2548,9
2549,8
2550,9
2551,8
2552,4
2553,8
2554,7
2555,8
2556,7
2557,8
2558,7
2559,8
2560,8
2561,8
2562,8
2563,8
2564,7
2565,8
2566,9
2567,9
2568,9
2569,4
2570,8
2571,8
2572,3
2573,4
2574,9
2575,9
2576,8
2577,5
2578,6
2579,8
2580,9
2581,8
2582,6
2583,9
2584,8
2585,8
2586,5
2587,9
2588,8
2589,4
2590,5
2591,3
2592,8
2593,6
2594,9
2595,7
2596,7
2597,6
2598,8
2599,7
2600,9
2601,8
2602,5
2603,5
2604,9
2605,6
2606,5
2607,8
2608,9
2609,8
2610,8
2611,7
2612,8
2613,9
2614,9
2615,9
2616,2
2617,8
2618,4
2619,8
2620,7
2621,9
2622,3
2623,5
2624,7
2625,8
2626,9
2627,6
2628,6
2629,6
2630,9
2631,9
2632,9
2633,4
2634,6
2635,6
2636,9
2637,7
2638,9
2639,9
2640,9
2641,8
2642,8
2643,9
2644,8
2645,8
2646,9
2647,9
2648,8
2649,9
2650,2
2651,7
2652,4
2653,8
2654,5
2655,9
2656,9
2657,9
2658,5
2659,5
2660,9
2661,0
2662,9
2663,8
2664,8
2665,8
2666,8
2667,9
2668,8
2669,5
2670,4
2671,7
2672,8
2673,7
2674,8
2675,8
2676,7
2677,8
2678,7
2679,3
2680,8
2681,8
2682,8
2683,6
2684,7
2685,4
2686,9
2687,8
2688,8
2689,9
2690,7
2691,7
2692,9
2693,9
2694,5
2695,9
2696,7
2697,8
2698,4
2699,6
2700,6
2701,9
2702,8
2703,4
2704,8
2705,7
2706,6
2707,6
2708,8
2709,7
2710,9
2711,7
2712,9
2713,8
2714,9
2715,7
2716,8
2717,9
2718,9
2719,6
2720,8
2721,7
2722,9
2723,6
2724,8
2725,8
2726,5
2727,9
2728,7
2729,6
2730,9
2731,5
2732,9
2733,3
2734,9
2735,9
2736,9
2737,5
2738,8
2739,6
2740,4
2741,8
2742,9
2743,9
2744,8
2745,9
2746,8
2747,4
2748,8
2749,5
2750,9
2751,8
2752,5
2753,8
2754,9
2755,3
2756,8
2757,7
2758,9
2759,9
2760,9
2761,8
2762,2
2763,6
2764,9
2765,8
2766,8
2767,9
2768,8
2769,8
2770,2
2771,8
2772,9
2773,7
2774,3
2775,7
2776,3
2777,9
2778,5
2779,8
2780,7
2781,9
2782,9
2783,9
2784,4
2785,8
2786,8
2787,8
2788,7
2789,6
2790,2
2791,7
2792,9
2793,8
2794,9
2795,9
2796,6
2797,8
2798,6
2799,9
2800,7
2801,8
2802,2
2803,6
2804,5
2805,9
2806,8
2807,6
2808,5
2809,7
2810,8
2811,9
2812,8
2813,8
2814,7
2815,8
2816,3
2817,4
2818,9
2819,9
2820,8
2821,8
2822,8
2823,8
2824,8
2825,6
2826,3
2827,7
2828,9
2829,7
2830,8
2831,8
2832,4
2833,9
2834,5
2835,9
2836,6
2837,7
2838,8
2839,6
2840,9
2841,7
2842,8
2843,9
2844,8
2845,6
2846,4
2847,8
2848,9
2849,4
2850,7
2851,8
2852,9
2853,9
2854,9
2855,7
2856,9
2857,7
2858,9
2859,6
2860,8
2861,3
2862,6
2863,8
2864,8
2865,2
2866,9
2867,6
2868,8
2869,7
2870,8
2871,9
2872,6
2873,9
2874,9
2875,9
2876,8
2877,8
2878,8
2879,6
2880,5
2881,7
2882,6
2883,8
2884,7
2885,3
2886,8
2887,2
2888,7
2889,8
2890,8
2891,6
2892,7
2893,8
2894,9
2895,3
2896,9
2897,8
2898,6
2899,9
2900,9
2901,8
2902,8
2903,8
2904,8
2905,8
2906,3
2907,7
2908,9
2909,9
2910,5
2911,8
2912,8
2913,4
2914,8
2915,9
2916,6
2917,9
2918,7
2919,2
2920,8
2921,8
2922,9
2923,6
2924,7
2925,9
2926,9
2927,9
2928,7
2929,7
2930,9
2931,8
2932,8
2933,9
2934,8
2935,7
2936,8
2937,9
2938,9
2939,9
2940,8
2941,8
2942,4
2943,8
2944,8
2945,8
2946,7
2947,8
2948,6
2949,4
2950,8
2951,8
2952,9
2953,9
2954,8
2955,9
2956,8
2957,8
2958,4
2959,8
2960,8
2961,8
2962,6
2963,7
2964,3
2965,8
2966,8
2967,7
2968,9
2969,8
2970,9
2971,4
2972,9
2973,9
2974,5
2975,7
2976,7
2977,8
2978,7
2979,8
2980,8
2981,3
2982,4
2983,9
2984,9
2985,7
2986,8
2987,9
2988,7
2989,6
2990,9
2991,9
2992,9
2993,8
2994,8
2995,5
2996,9
2997,8
2998,4
2999,6
3000,6
3001,8
3002,1
3003,2
3004,8
3005,5
3006,8
3007,7
3008,8
3009,7
3010,8
3011,8
3012,3
3013,8
3014,8
3015,9
3016,8
3017,7
3018,6
3019,8
3020,9
3021,4
3022,8
3023,6
3024,3
3025,7
3026,6
3027,8
3028,4
3029,6
3030,9
3031,7
3032,9
3033,6
3034,9
3035,9
3036,8
3037,7
3038,8
3039,8
3040,8
3041,8
3042,8
3043,4
3044,9
3045,8
3046,8
3047,4
3048,8
3049,9
3050,8
3051,9
3052,9
3053,9
3054,8
3055,8
3056,9
3057,3
3058,6
3059,9
3060,7
3061,3
3062,8
3063,9
3064,8
3065,9
3066,3
3067,6
3068,8
3069,3
3070,8
3071,7
3072,8
3073,6
3074,8
3075,8
3076,9
3077,8
3078,8
3079,8
3080,8
3081,3
3082,7
3083,8
3084,5
3085,9
3086,8
3087,9
3088,7
3089,6
3090,7
3091,9
3092,9
3093,8
3094,8
3095,5
3096,9
3097,9
3098,8
3099,8
3100,5
3101,7
3102,6
3103,3
3104,9
3105,6
3106,9
3107,9
3108,8
3109,9
3110,6
3111,8
3112,9
3113,6
3114,8
3115,9
3116,2
3117,9
3118,7
3119,8
3120,9
3121,9
3122,9
3123,8
3124,8
3125,6
3126,8
3127,8
3128,7
3129,3
3130,7
3131,2
3132,8
3133,6
3134,8
3135,8
3136,9
3137,8
3138,2
3139,9
3140,8
3141,9
3142,7
3143,8
3144,8
3145,6
3146,8
3147,8
3148,6
3149,9
3150,3
3151,2
3152,5
3153,7
3154,9
3155,8
3156,8
3157,8
3158,9
3159,8
3160,9
3161,8
3162,5
3163,8
3164,8
3165,8
3166,4
3167,8
3168,9
3169,9
3170,9
3171,8
3172,9
3173,5
3174,8
3175,8
3176,8
3177,6
3178,4
3179,7
3180,8
3181,4
3182,6
3183,7
3184,8
3185,9
3186,8
3187,7
3188,9
3189,9
3190,3
3191,9
3192,8
3193,7
3194,9
3195,8
3196,5
3197,5
3198,6
3199,6
3200,4
3201,9
3202,9
3203,3
3204,9
3205,9
3206,9
3207,8
3208,6
3209,9
3210,6
3211,8
3212,7
3213,8
3214,7
3215,5
3216,8
3217,8
3218,5
3219,7
3220,9
3221,7
3222,9
3223,9
3224,9
3225,6
3226,5
3227,7
3228,8
3229,4
3230,9
3231,8
3232,7
3233,7
3234,8
3235,9
3236,9
3237,3
3238,8
3239,2
3240,8
3241,9
3242,9
3243,8
3244,9
3245,9
3246,8
3247,9
3248,8
3249,8
3250,8
3251,8
3252,9
3253,5
3254,7
3255,6
3256,8
3257,4
3258,9
3259,8
3260,7
3261,6
3262,9
3263,8
3264,3
3265,8
3266,5
3267,9
3268,7
3269,7
3270,8
3271,8
3272,8
3273,3
3274,5
3275,9
3276,9
3277,7
3278,8
3279,7
3280,9
3281,3
3282,7
3283,8
3284,6
3285,8
3286,8
3287,8
3288,9
3289,5
3290,8
3291,7
3292,5
3293,6
3294,6
3295,8
3296,2
3297,9
3298,8
3299,8
3300,9
3301,8
3302,7
3303,8
3304,9
3305,4
3306,9
3307,8
3308,9
3309,7
3310,8
3311,9
3312,5
3313,2
3314,9
3315,6
3316,8
3317,9
3318,6
3319,9
3320,8
3321,8
3322,8
3323,3
3324,9
3325,1
3326,8
3327,9
3328,9
3329,7
3330,7
3331,9
3332,8
3333,2
3334,3
3335,8
3336,7
3337,9
3338,8
3339,6
3340,8
3341,4
3342,5
3343,8
3344,7
3345,9
3346,7
3347,9
3348,7
3349,9
3350,9
3351,9
3352,7
3353,7
3354,7
3355,8
3356,7
3357,3
3358,2
3359,6
3360,8
3361,4
3362,8
3363,8
3364,6
3365,8
3366,9
3367,5
3368,5
3369,8
3370,7
3371,8
3372,8
3373,8
3374,9
3375,7
3376,9
3377,9
3378,8
3379,4
3380,5
3381,9
3382,9
3383,8
3384,8
3385,7
3386,8
3387,7
3388,7
3389,9
3390,9
3391,8
3392,8
3393,6
3394,7
3395,9
3396,6
3397,4
3398,8
3399,9
3400,4
3401,5
3402,8
3403,8
3404,6
3405,6
3406,4
3407,6
3408,7
3409,4
3410,8
3411,9
3412,7
3413,9
3414,9
3415,7
3416,8
3417,8
3418,8
3419,8
3420,9
3421,9
3422,6
3423,9
3424,8
3425,8
3426,8
3427,8
3428,8
3429,8
3430,4
3431,9
3432,7
3433,6
3434,8
3435,7
3436,3
3437,9
3438,8
3439,9
3440,8
3441,5
3442,4
3443,8
3444,6
3445,9
3446,9
3447,8
3448,9
3449,9
3450,6
3451,3
3452,7
3453,8
3454,8
3455,9
3456,8
3457,8
3458,9
3459,8
3460,8
3461,8
3462,9
3463,6
3464,5
3465,9
3466,8
3467,8
3468,9
3469,7
3470,8
3471,7
3472,8
3473,8
3474,8
3475,7
3476,8
3477,8
3478,7
3479,9
3480,3
3481,1
3482,7
3483,9
3484,8
3485,9
3486,8
3487,2
3488,8
3489,8
3490,7
3491,8
3492,9
3493,7
3494,8
3495,8
3496,4
3497,9
3498,4
3499,8
3500,8
3501,9
3502,8
3503,5
3504,8
3505,8
3506,5
3507,8
3508,9
3509,9
3510,6
3511,8
3512,8
3513,8
3514,9
3515,8
3516,9
3517,7
3518,8
3519,2
3520,7
3521,8
3522,9
3523,9
3524,7
3525,9
3526,8
3527,8
3528,9
3529,8
3530,9
3531,9
3532,8
3533,9
3534,8
3535,8
3536,8
3537,7
3538,8
3539,2
3540,9
3541,5
3542,9
3543,9
3544,4
3545,8
3546,8
3547,8
3548,8
3549,8
3550,6
3551,6
3552,9
3553,3
3554,8
3555,8
3556,7
3557,7
3558,8
3559,9
3560,6
3561,3
3562,8
3563,7
3564,9
3565,6
3566,6
3567,7
3568,8
3569,7
3570,9
3571,4
3572,8
3573,7
3574,3
3575,6
3576,7
3577,8
3578,7
3579,7
3580,8
3581,7
3582,9
3583,9
3584,8
3585,9
3586,5
3587,7
3588,8
3589,8
3590,8
3591,9
3592,6
3593,9
3594,5
3595,2
3596,6
3597,8
3598,8
3599,8
3600,9
3601,2
3602,9
3603,7
3604,9
3605,9
3606,9
3607,8
3608,8
3609,8
3610,8
3611,8
3612,8
3613,7
3614,9
3615,8
3616,9
3617,8
3618,9
3619,3
3620,9
3621,4
3622,8
3623,8
3624,8
3625,9
3626,9
3627,5
3628,9
3629,9
3630,9
3631,7
3632,9
3633,7
3634,8
3635,8
3636,8
3637,6
3638,9
3639,8
3640,9
3641,8
3642,4
3643,9
3644,7
3645,3
3646,8
3647,8
3648,5
3649,8
3650,5
3651,5
3652,8
3653,9
3654,7
3655,3
3656,8
3657,8
3658,9
3659,2
3660,5
3661,6
3662,7
3663,9
3664,8
3665,6
3666,7
3667,9
3668,6
3669,8
3670,9
3671,9
3672,6
3673,8
3674,7
3675,9
3676,8
3677,9
3678,8
3679,8
3680,7
3681,5
3682,9
3683,9
3684,5
3685,8
3686,8
3687,8
3688,7
3689,9
3690,6
3691,8
3692,9
3693,8
3694,8
3695,9
3696,2
3697,8
3698,9
3699,8
3700,8
3701,9
3702,8
3703,6
3704,8
3705,6
3706,3
3707,7
3708,7
3709,8
3710,8
3711,8
3712,2
3713,8
3714,9
3715,5
3716,8
3717,9
3718,9
3719,9
3720,8
3721,2
3722,8
3723,3
3724,7
3725,6
3726,9
3727,5
3728,7
3729,7
3730,7
3731,8
3732,5
3733,8
3734,8
3735,8
3736,8
3737,8
3738,8
3739,9
3740,8
3741,2
3742,8
3743,3
3744,9
3745,9
3746,3
3747,8
3748,8
3749,7
3750,8
3751,9
3752,8
3753,9
3754,5
3755,3
3756,9
3757,6
3758,7
3759,7
3760,9
3761,7
3762,9
3763,3
3764,7
3765,8
3766,9
3767,9
3768,9
3769,7
3770,8
3771,3
3772,8
3773,8
3774,6
3775,9
3776,9
3777,8
3778,2
3779,8
3780,9
3781,7
3782,9
3783,8
3784,5
3785,7
3786,9
3787,7
3788,8
3789,8
3790,8
3791,5
3792,9
3793,8
3794,8
3795,7
3796,3
3797,9
3798,8
3799,7
3800,8
3801,6
3802,7
3803,9
3804,7
3805,5
3806,8
3807,8
3808,9
3809,9
3810,8
3811,7
3812,8
3813,3
3814,3
3815,8
3816,9
3817,9
3818,8
3819,6
3820,8
3821,8
3822,9
3823,9
3824,8
3825,9
3826,4
3827,8
3828,8
3829,8
3830,3
3831,9
3832,9
3833,7
3834,9
3835,6
3836,9
3837,8
3838,8
3839,8
3840,8
3841,9
3842,5
3843,8
3844,6
3845,3
3846,6
3847,7
3848,8
3849,7
3850,9
3851,9
3852,5
3853,6
3854,3
3855,9
3856,7
3857,9
3858,4
3859,6
3860,8
3861,8
3862,8
3863,8
3864,6
3865,5
3866,9
3867,9
3868,8
3869,6
3870,8
3871,5
3872,6
3873,7
3874,8
3875,9
3876,7
3877,9
3878,4
3879,9
3880,7
3881,9
3882,8
3883,8
3884,8
3885,6
3886,6
3887,7
3888,8
3889,6
3890,9
3891,9
3892,8
3893,8
3894,7
3895,8
3896,9
3897,8
3898,8
3899,6
3900,9
3901,8
3902,9
3903,6
3904,9
3905,8
3906,8
3907,8
3908,6
3909,8
3910,6
3911,9
3912,9
3913,9
3914,9
3915,8
3916,9
3917,9
3918,8
3919,8
3920,7
3921,6
3922,3
3923,9
3924,7
3925,8
3926,9
3927,9
3928,9
3929,6
3930,9
3931,9
3932,3
3933,3
3934,7
3935,8
3936,6
3937,3
3938,7
3939,8
3940,2
3941,9
3942,9
3943,9
3944,4
3945,9
3946,8
3947,9
3948,6
3949,8
3950,8
3951,9
3952,8
3953,7
3954,7
3955,8
3956,7
3957,3
3958,8
3959,8
3960,7
3961,5
3962,8
3963,7
3964,6
3965,8
3966,5
3967,8
3968,9
3969,8
3970,9
3971,7
3972,9
3973,7
3974,7
3975,8
3976,9
3977,9
3978,8
3979,7
3980,3
3981,9
3982,8
3983,9
3984,8
3985,8
3986,9
3987,3
3988,7
3989,9
3990,2
3991,8
3992,8
3993,8
3994,6
3995,5
3996,6
3997,7
3998,9
3999,9
4000,8
4001,9
4002,8
4003,9
4004,8
4005,9
4006,8
4007,8
4008,6
4009,8
4010,6
4011,8
4012,8
4013,8
4014,6
4015,9
4016,7
4017,9
4018,9
4019,8
4020,6
4021,8
4022,8
4023,8
4024,8
4025,8
4026,9
4027,4
4028,8
4029,7
4030,9
4031,5
4032,8
4033,2
4034,9
4035,4
4036,7
4037,8
4038,8
4039,8
4040,8
4041,9
4042,3
4043,8
4044,2
4045,8
4046,4
4047,7
4048,9
4049,8
4050,8
4051,5
4052,7
4053,7
4054,7
4055,8
4056,5
4057,9
4058,7
4059,6
4060,9
4061,5
4062,9
4063,8
4064,8
4065,6
4066,6
4067,6
4068,6
4069,8
4070,8
4071,8
4072,3
4073,6
4074,9
4075,8
4076,9
4077,7
4078,9
4079,6
4080,9
4081,8
4082,3
4083,2
4084,8
4085,8
4086,6
4087,7
4088,6
4089,9
4090,8
4091,9
4092,2
4093,8
4094,5
4095,9
4096,6
4097,5
4098,8
4099,7
4100,8
4101,9
4102,8
4103,6
4104,7
4105,2
4106,6
4107,9
4108,8
4109,8
4110,6
4111,4
4112,7
4113,8
4114,9
4115,9
4116,8
4117,8
4118,8
4119,8
4120,8
4121,8
4122,6
4123,9
4124,8
4125,4
4126,8
4127,7
4128,9
4129,8
4130,6
4131,6
4132,8
4133,8
4134,6
4135,9
4136,5
4137,2
4138,8
4139,3
4140,8
4141,8
4142,9
4143,3
4144,8
4145,9
4146,9
4147,9
4148,8
4149,8
4150,6
4151,7
4152,7
4153,9
4154,7
4155,9
4156,9
4157,8
4158,6
4159,1
4160,9
4161,8
4162,9
4163,8
4164,8
4165,7
4166,8
4167,4
4168,8
4169,7
4170,9
4171,7
4172,7
4173,7
4174,7
4175,9
4176,4
4177,9
4178,4
4179,7
4180,3
4181,9
4182,8
4183,8
4184,9
4185,6
4186,9
4187,9
4188,8
4189,8
4190,9
4191,5
4192,8
4193,9
4194,7
4195,8
4196,4
4197,8
4198,1
4199,8
4200,9
4201,9
4202,9
4203,9
4204,8
4205,9
4206,4
4207,8
4208,8
4209,8
4210,3
4211,9
4212,9
4213,3
4214,7
4215,8
4216,7
4217,2
4218,5
4219,5
4220,4
4221,7
4222,8
4223,8
4224,3
4225,9
4226,7
4227,8
4228,7
4229,7
4230,8
4231,7
4232,8
4233,8
4234,4
4235,8
4236,9
4237,7
4238,3
4239,8
4240,8
4241,4
4242,8
4243,3
4244,6
4245,7
4246,5
4247,9
4248,5
4249,9
4250,9
4251,9
4252,9
4253,9
4254,8
4255,9
4256,8
4257,9
4258,9
4259,8
4260,8
4261,8
4262,9
4263,8
4264,8
4265,9
4266,6
4267,8
4268,8
4269,9
4270,8
4271,9
4272,9
4273,8
4274,9
4275,9
4276,7
4277,8
4278,9
4279,7
4280,4
4281,8
4282,9
4283,5
4284,6
4285,9
4286,7
4287,9
4288,9
4289,2
4290,4
4291,9
4292,8
4293,8
4294,9
4295,8
4296,9
4297,9
4298,9
4299,3
4300,8
4301,6
4302,7
4303,9
4304,5
4305,7
4306,8
4307,9
4308,8
4309,9
4310,9
4311,5
4312,8
4313,4
4314,8
4315,9
4316,4
4317,9
4318,9
4319,7
4320,9
4321,9
4322,8
4323,8
4324,8
4325,4
4326,7
4327,9
4328,8
4329,9
4330,9
4331,3
4332,8
4333,8
4334,6
4335,7
4336,7
4337,3
4338,7
4339,6
4340,6
4341,6
4342,9
4343,5
4344,8
4345,8
4346,8
4347,9
4348,6
4349,7
4350,8
4351,9
4352,5
4353,9
4354,6
4355,7
4356,9
4357,8
4358,8
4359,9
4360,9
4361,9
4362,9
4363,6
4364,7
4365,1
4366,9
4367,8
4368,7
4369,4
4370,6
4371,6
4372,7
4373,5
4374,6
4375,9
4376,6
4377,9
4378,9
4379,9
4380,8
4381,6
4382,8
4383,9
4384,8
4385,8
4386,8
4387,2
4388,7
4389,7
4390,7
4391,9
4392,9
4393,8
4394,8
4395,8
4396,8
4397,8
4398,9
4399,9
4400,3
4401,8
4402,4
4403,9
4404,6
4405,8
4406,9
4407,6
4408,7
4409,5
4410,9
4411,6
4412,2
4413,9
4414,8
4415,9
4416,9
4417,9
4418,6
4419,7
4420,9
4421,7
4422,7
4423,8
4424,9
4425,8
4426,8
4427,7
4428,8
4429,7
4430,6
4431,8
4432,8
4433,9
4434,7
4435,9
4436,7
4437,5
4438,7
4439,7
4440,4
4441,8
4442,8
4443,4
4444,9
4445,6
4446,9
4447,9
4448,9
4449,9
4450,7
4451,9
4452,7
4453,9
4454,8
4455,6
4456,7
4457,9
4458,9
4459,8
4460,4
4461,7
4462,8
4463,8
4464,8
4465,5
4466,9
4467,7
4468,9
4469,9
4470,8
4471,7
4472,9
4473,9
4474,7
4475,9
4476,9
4477,9
4478,9
4479,8
4480,9
4481,3
4482,4
4483,6
4484,8
4485,9
4486,8
4487,8
4488,6
4489,4
4490,6
4491,9
4492,8
4493,8
4494,8
4495,9
4496,3
4497,5
4498,9
4499,4
4500,9
4501,8
4502,9
4503,8
4504,8
4505,9
4506,4
4507,8
4508,8
4509,7
4510,7
4511,9
4512,8
4513,7
4514,2
4515,9
4516,9
4517,6
4518,8
4519,9
4520,8
4521,5
4522,8
4523,8
4524,5
4525,7
4526,3
4527,4
4528,5
4529,8
4530,8
4531,8
4532,9
4533,8
4534,9
4535,9
4536,8
4537,7
4538,8
4539,7
4540,2
4541,9
4542,6
4543,8
4544,7
4545,7
4546,8
4547,7
4548,6
4549,9
4550,8
4551,8
4552,9
4553,5
4554,9
4555,8
4556,7
4557,5
4558,3
4559,8
4560,5
4561,9
4562,5
4563,7
4564,8
4565,8
4566,4
4567,9
4568,9
4569,7
4570,9
4571,5
4572,6
4573,8
4574,9
4575,8
4576,6
4577,9
4578,9
4579,6
4580,9
4581,8
4582,9
4583,8
4584,8
4585,8
4586,9
4587,9
4588,9
4589,9
4590,9
4591,7
4592,8
4593,8
4594,8
4595,8
4596,8
4597,9
4598,6
4599,8
4600,6
4601,9
4602,6
4603,7
4604,8
4605,4
4606,5
4607,9
4608,9
4609,8
4610,7
4611,6
4612,7
4613,8
4614,5
4615,6
4616,8
4617,8
4618,9
4619,5
4620,9
4621,9
4622,8
4623,9
4624,8
4625,7
4626,8
4627,7
4628,9
4629,7
4630,8
4631,9
4632,5
4633,7
4634,8
4635,8
4636,7
4637,8
4638,9
4639,9
4640,8
4641,8
4642,8
4643,6
4644,6
4645,4
4646,9
4647,8
4648,9
4649,9
4650,7
4651,8
4652,7
4653,8
4654,9
4655,8
4656,9
4657,9
4658,6
4659,8
4660,9
4661,8
4662,6
4663,9
4664,8
4665,9
4666,8
4667,8
4668,8
4669,7
4670,9
4671,8
4672,6
4673,6
4674,3
4675,8
4676,1
4677,9
4678,8
4679,7
4680,7
4681,9
4682,6
4683,8
4684,9
4685,9
4686,9
4687,8
4688,9
4689,8
4690,7
4691,8
4692,6
4693,7
4694,8
4695,9
4696,6
4697,8
4698,2
4699,8
4700,6
4701,7
4702,3
4703,9
4704,9
4705,9
4706,5
4707,1
4708,6
4709,9
4710,8
4711,9
4712,9
4713,7
4714,6
4715,8
4716,4
4717,7
4718,7
4719,8
4720,8
4721,9
4722,6
4723,2
4724,8
4725,8
4726,8
4727,9
4728,9
4729,8
4730,5
4731,9
4732,9
4733,6
4734,6
4735,6
4736,8
4737,8
4738,9
4739,6
4740,9
4741,9
4742,5
4743,9
4744,3
4745,6
4746,9
4747,3
4748,8
4749,8
4750,5
4751,9
4752,9
4753,1
4754,3
4755,4
4756,8
4757,8
4758,5
4759,9
4760,9
4761,4
4762,9
4763,8
4764,9
4765,9
4766,4
4767,8
4768,6
4769,8
4770,4
4771,9
4772,8
4773,7
4774,8
4775,8
4776,9
4777,8
4778,6
4779,3
4780,7
4781,9
4782,7
4783,8
4784,9
4785,8
4786,8
4787,5
4788,9
4789,8
4790,6
4791,7
4792,7
4793,2
4794,7
4795,7
4796,9
4797,2
4798,8
4799,5
4800,8
4801,5
4802,8
4803,9
4804,7
4805,2
4806,9
4807,8
4808,9
4809,7
4810,8
4811,8
4812,9
4813,3
4814,8
4815,7
4816,9
4817,8
4818,3
4819,8
4820,8
4821,7
4822,8
4823,7
4824,7
4825,8
4826,7
4827,8
4828,7
4829,7
4830,7
4831,7
4832,9
4833,4
4834,8
4835,9
4836,9
4837,9
4838,2
4839,7
4840,4
4841,9
4842,8
4843,8
4844,3
4845,9
4846,8
4847,7
4848,4
4849,7
4850,8
4851,7
4852,9
4853,8
4854,8
4855,3
4856,9
4857,5
4858,8
4859,8
4860,9
4861,8
4862,9
4863,5
4864,9
4865,3
4866,7
4867,8
4868,9
4869,8
4870,7
4871,6
4872,7
4873,7
4874,9
4875,7
4876,8
4877,8
4878,8
4879,8
4880,8
4881,6
4882,5
4883,7
4884,7
4885,8
4886,9
4887,7
4888,8
4889,9
4890,4
4891,9
4892,6
4893,8
4894,3
4895,8
4896,8
4897,4
4898,9
4899,8
4900,8
4901,6
4902,8
4903,7
4904,9
4905,6
4906,2
4907,9
4908,8
4909,9
4910,8
4911,8
4912,6
4913,9
4914,8
4915,9
4916,6
4917,6
4918,6
4919,7
4920,2
4921,4
4922,9
4923,9
4924,9
4925,9
4926,6
4927,8
4928,7
4929,8
4930,5
4931,5
4932,9
4933,9
4934,8
4935,5
4936,9
4937,9
4938,9
4939,8
4940,3
4941,7
4942,8
4943,9
4944,8
4945,9
4946,8
4947,9
4948,7
4949,4
4950,8
4951,4
4952,3
4953,9
4954,8
4955,9
4956,8
4957,3
4958,9
4959,6
4960,9
4961,7
4962,8
4963,9
4964,9
4965,9
4966,9
4967,8
4968,8
4969,9
4970,9
4971,9
4972,9
4973,8
4974,9
4975,8
4976,7
4977,3
4978,8
4979,8
4980,6
4981,7
4982,8
4983,8
4984,8
4985,7
4986,4
4987,7
4988,6
4989,7
4990,8
4991,9
4992,9
4993,3
4994,9
4995,9
4996,8
4997,9
4998,7
4999,3
5000,9
5001,8
5002,8
5003,7
5004,8
5005,9
5006,9
5007,7
5008,7
5009,8
5010,8
5011,4
5012,8
5013,8
5014,4
5015,7
5016,9
5017,7
5018,9
5019,5
5020,8
5021,9
5022,9
5023,5
5024,6
5025,6
5026,9
5027,8
5028,9
5029,7
5030,7
5031,9
5032,4
5033,7
5034,9
5035,7
5036,4
5037,9
5038,8
5039,9
5040,7
5041,9
5042,9
5043,7
5044,9
5045,9
5046,8
5047,9
5048,7
5049,6
5050,8
5051,9
5052,3
5053,8
5054,3
5055,5
5056,6
5057,8
5058,8
5059,9
5060,7
5061,8
5062,7
5063,4
5064,7
5065,9
5066,9
5067,8
5068,6
5069,8
5070,8
5071,6
5072,2
5073,9
5074,8
5075,5
5076,9
5077,9
5078,6
5079,8
5080,8
5081,8
5082,9
5083,9
5084,3
5085,4
5086,6
5087,9
5088,9
5089,3
5090,7
5091,8
5092,8
5093,9
5094,9
5095,7
5096,2
5097,8
5098,8
5099,9
5100,9
5101,6
5102,6
5103,8
5104,9
5105,9
5106,7
5107,7
5108,8
5109,9
5110,8
5111,7
5112,9
5113,8
5114,7
5115,9
5116,6
5117,8
5118,8
5119,8
5120,8
5121,7
5122,2
5123,8
5124,9
5125,9
5126,3
5127,8
5128,7
5129,7
5130,8
5131,7
5132,6
5133,9
5134,8
5135,8
5136,8
5137,9
5138,9
5139,9
5140,9
5141,3
5142,9
5143,9
5144,7
5145,8
5146,9
5147,8
5148,2
5149,8
5150,3
5151,8
5152,9
5153,9
5154,8
5155,6
5156,7
5157,8
5158,8
5159,9
5160,9
5161,8
5162,8
5163,6
5164,8
5165,9
5166,9
5167,8
5168,9
5169,8
5170,9
5171,8
5172,8
5173,7
5174,5
5175,7
5176,8
5177,9
5178,8
5179,8
5180,9
5181,2
5182,6
5183,9
5184,9
5185,8
5186,8
5187,8
5188,9
5189,7
5190,8
5191,6
5192,9
5193,6
5194,9
5195,9
5196,9
5197,7
5198,9
5199,9
5200,7
5201,8
5202,9
5203,7
5204,8
5205,9
5206,7
5207,4
5208,6
5209,8
5210,9
5211,8
5212,7
5213,9
5214,6
5215,8
5216,5
5217,8
5218,6
5219,2
5220,7
5221,8
5222,9
5223,8
5224,5
5225,5
5226,6
5227,9
5228,8
5229,7
5230,8
5231,9
5232,8
5233,7
5234,7
5235,6
5236,6
5237,9
5238,6
5239,2
5240,9
5241,9
5242,8
5243,9
5244,7
5245,9
5246,7
5247,8
5248,9
5249,8
5250,9
5251,9
5252,9
5253,7
5254,8
5255,9
5256,8
5257,8
5258,8
5259,5
5260,9
5261,2
5262,9
5263,8
5264,9
5265,9
5266,6
5267,5
5268,9
5269,6
5270,9
5271,8
5272,8
5273,9
5274,7
5275,7
5276,9
5277,9
5278,6
5279,7
5280,8
5281,9
5282,5
5283,9
5284,6
5285,6
5286,7
5287,9
5288,4
5289,8
5290,6
5291,8
5292,5
5293,5
5294,7
5295,9
5296,5
5297,8
5298,6
5299,8
5300,8
5301,3
5302,9
5303,9
5304,9
5305,4
5306,8
5307,3
5308,6
5309,9
5310,7
5311,8
5312,8
5313,9
5314,1
5315,6
5316,4
5317,8
5318,8
5319,9
5320,4
5321,8
5322,6
5323,7
5324,4
5325,9
5326,9
5327,3
5328,8
5329,9
5330,8
5331,9
5332,5
5333,6
5334,8
5335,7
5336,8
5337,5
5338,6
5339,9
5340,6
5341,7
5342,9
5343,8
5344,9
5345,9
5346,3
5347,6
5348,8
5349,8
5350,9
5351,8
5352,6
5353,7
5354,8
5355,7
5356,8
5357,6
5358,8
5359,9
5360,3
5361,9
5362,4
5363,7
5364,5
5365,9
5366,6
5367,8
5368,8
5369,4
5370,7
5371,4
5372,6
5373,8
5374,6
5375,3
5376,7
5377,7
5378,8
5379,9
5380,5
5381,6
5382,9
5383,7
5384,4
5385,8
5386,9
5387,7
5388,5
5389,5
5390,6
5391,9
5392,9
5393,8
5394,8
5395,9
5396,9
5397,8
5398,4
5399,8
5400,9
5401,4
5402,3
5403,9
5404,9
5405,6
5406,8
5407,8
5408,3
5409,8
5410,8
5411,8
5412,9
5413,9
5414,8
5415,7
5416,9
5417,9
5418,8
5419,7
5420,9
5421,9
5422,6
5423,7
5424,4
5425,9
5426,9
5427,8
5428,8
5429,9
5430,3
5431,9
5432,9
5433,8
5434,9
5435,9
5436,7
5437,8
5438,2
5439,9
5440,6
5441,2
5442,4
5443,7
5444,3
5445,9
5446,9
5447,4
5448,4
5449,9
5450,7
5451,3
5452,8
5453,8
5454,5
5455,4
5456,4
5457,9
5458,8
5459,9
5460,8
5461,8
5462,6
5463,5
5464,5
5465,2
5466,8
5467,8
5468,8
5469,8
5470,7
5471,6
5472,8
5473,8
5474,9
5475,9
5476,6
5477,7
5478,9
5479,8
5480,8
5481,7
5482,7
5483,9
5484,4
5485,8
5486,7
5487,9
5488,8
5489,9
5490,6
5491,8
5492,8
5493,9
5494,9
5495,9
5496,9
5497,6
5498,7
5499,8
5500,9
5501,8
5502,2
5503,8
5504,7
5505,8
5506,8
5507,2
5508,9
5509,4
5510,6
5511,8
5512,8
5513,8
5514,4
5515,9
5516,9
5517,9
5518,8
5519,3
5520,6
5521,3
5522,3
5523,8
5524,8
5525,8
5526,7
5527,7
5528,9
5529,8
5530,9
5531,9
5532,7
5533,8
5534,9
5535,8
5536,8
5537,8
5538,2
5539,7
5540,9
5541,7
5542,7
5543,8
5544,4
5545,8
5546,8
5547,5
5548,9
5549,9
5550,3
5551,9
5552,3
5553,3
5554,9
5555,9
5556,7
5557,4
5558,9
5559,2
5560,5
5561,8
5562,9
5563,8
5564,9
5565,7
5566,8
5567,8
5568,9
5569,7
5570,8
5571,6
5572,9
5573,2
5574,7
5575,9
5576,8
5577,8
5578,8
5579,5
5580,2
5581,9
5582,8
5583,9
5584,9
5585,8
5586,8
5587,9
5588,3
5589,9
5590,5
5591,4
5592,8
5593,9
5594,9
5595,6
5596,8
5597,7
5598,7
5599,5
5600,9
5601,9
5602,8
5603,3
5604,3
5605,7
5606,9
5607,9
5608,8
5609,9
5610,8
5611,9
5612,8
5613,9
5614,8
5615,9
5616,4
5617,3
5618,8
5619,7
5620,9
5621,8
5622,8
5623,7
5624,7
5625,9
5626,5
5627,9
5628,7
5629,7
5630,3
5631,8
5632,3
5633,8
5634,5
5635,7
5636,8
5637,8
5638,9
5639,9
5640,5
5641,8
5642,9
5643,2
5644,4
5645,8
5646,7
5647,3
5648,2
5649,2
5650,4
5651,9
5652,6
5653,3
5654,9
5655,7
5656,8
5657,7
5658,8
5659,9
5660,9
5661,9
5662,9
5663,7
5664,8
5665,7
5666,8
5667,8
5668,7
5669,9
5670,8
5671,9
5672,6
5673,9
5674,7
5675,7
5676,7
5677,9
5678,3
5679,5
5680,3
5681,5
5682,5
5683,5
5684,4
5685,9
5686,8
5687,8
5688,5
5689,6
5690,8
5691,9
5692,8
5693,9
5694,8
5695,9
5696,7
5697,8
5698,9
5699,9
5700,8
5701,9
5702,9
5703,8
5704,9
5705,8
5706,8
5707,4
5708,3
5709,7
5710,9
5711,9
5712,7
5713,8
5714,8
5715,8
5716,7
5717,9
5718,6
5719,6
5720,8
5721,7
5722,3
5723,4
5724,7
5725,6
5726,7
5727,8
5728,4
5729,4
5730,6
5731,7
5732,2
5733,8
5734,8
5735,9
5736,8
5737,8
5738,8
5739,8
5740,6
5741,9
5742,9
5743,8
5744,2
5745,8
5746,8
5747,9
5748,8
5749,8
5750,8
5751,7
5752,7
5753,7
5754,7
5755,7
5756,4
5757,9
5758,6
5759,5
5760,8
5761,6
5762,9
5763,4
5764,8
5765,8
5766,7
5767,9
5768,6
5769,7
5770,7
5771,7
5772,7
5773,8
5774,8
5775,8
5776,5
5777,7
5778,9
5779,7
5780,9
5781,8
5782,9
5783,5
5784,8
5785,9
5786,7
5787,9
5788,8
5789,4
5790,9
5791,9
5792,9
5793,9
5794,7
5795,8
5796,8
5797,9
5798,9
5799,7
5800,7
5801,8
5802,5
5803,8
5804,8
5805,8
5806,8
5807,7
5808,8
5809,9
5810,7
5811,9
5812,7
5813,9
5814,9
5815,7
5816,9
5817,8
5818,9
5819,9
5820,8
5821,8
5822,5
5823,7
5824,5
5825,9
5826,9
5827,4
5828,9
5829,8
5830,9
5831,8
5832,8
5833,6
5834,8
5835,9
5836,9
5837,9
5838,8
5839,8
5840,8
5841,8
5842,6
5843,9
5844,7
5845,7
5846,9
5847,9
5848,9
5849,8
5850,5
5851,9
5852,9
5853,6
5854,8
5855,7
5856,8
5857,8
5858,7
5859,6
5860,8
5861,9
5862,9
5863,8
5864,8
5865,7
5866,9
5867,8
5868,8
5869,8
5870,9
5871,8
5872,4
5873,7
5874,9
5875,9
5876,8
5877,8
5878,7
5879,6
5880,5
5881,8
5882,9
5883,6
5884,8
5885,9
5886,8
5887,1
5888,9
5889,9
5890,7
5891,7
5892,3
5893,8
5894,7
5895,4
5896,5
5897,2
5898,9
5899,3
5900,9
5901,9
5902,8
5903,6
5904,9
5905,8
5906,8
5907,8
5908,9
5909,8
5910,8
5911,5
5912,5
5913,5
5914,9
5915,6
5916,8
5917,7
5918,7
5919,6
5920,9
5921,7
5922,8
5923,9
5924,3
5925,5
5926,7
5927,6
5928,9
5929,8
5930,7
5931,6
5932,9
5933,3
5934,7
5935,9
5936,7
5937,5
5938,9
5939,6
5940,8
5941,9
5942,8
5943,8
5944,2
5945,2
5946,6
5947,8
5948,7
5949,8
5950,8
5951,6
5952,7
5953,4
5954,7
5955,9
5956,8
5957,6
5958,9
5959,8
5960,8
5961,7
5962,7
5963,8
5964,9
5965,6
5966,7
5967,9
5968,6
5969,9
5970,6
5971,9
5972,8
5973,9
5974,6
5975,4
5976,4
5977,9
5978,4
5979,5
5980,6
5981,8
5982,9
5983,9
5984,3
5985,7
5986,9
5987,9
5988,8
5989,9
5990,9
5991,5
5992,5
5993,9
5994,8
5995,7
5996,8
5997,7
5998,4
5999,8
6000,3
6001,8
6002,8
6003,3
6004,8
6005,4
6006,8
6007,8
6008,7
6009,7
6010,2
6011,8
6012,4
6013,8
6014,7
6015,8
6016,8
6017,8
6018,9
6019,7
6020,1
6021,8
6022,5
6023,8
6024,8
6025,7
6026,9
6027,5
6028,4
6029,8
6030,4
6031,7
6032,8
6033,3
6034,5
6035,7
6036,9
6037,9
6038,6
6039,8
6040,8
6041,7
6042,7
6043,9
6044,8
6045,8
6046,2
6047,9
6048,6
6049,8
6050,8
6051,7
6052,9
6053,4
6054,7
6055,2
6056,8
6057,8
6058,2
6059,6
6060,5
6061,9
6062,7
6063,7
6064,4
6065,9
6066,8
6067,8
6068,6
6069,8
6070,7
6071,9
6072,8
6073,2
6074,2
6075,4
6076,9
6077,9
6078,9
6079,9
6080,9
6081,7
6082,2
6083,7
6084,8
6085,8
6086,9
6087,8
6088,9
6089,8
6090,4
6091,9
6092,6
6093,7
6094,9
6095,7
6096,6
6097,9
6098,9
6099,7
6100,6
6101,9
6102,8
6103,5
6104,9
6105,9
6106,5
6107,9
6108,7
6109,9
6110,5
6111,9
6112,8
6113,8
6114,8
6115,8
6116,2
6117,3
6118,7
6119,9
6120,4
6121,9
6122,9
6123,5
6124,9
6125,9
6126,9
6127,9
6128,4
6129,6
6130,8
6131,3
6132,8
6133,9
6134,4
6135,9
6136,8
6137,9
6138,8
6139,8
6140,6
6141,8
6142,8
6143,5
6144,8
6145,9
6146,5
6147,8
6148,8
6149,6
6150,5
6151,5
6152,8
6153,8
6154,9
6155,8
6156,6
6157,8
6158,3
6159,8
6160,4
6161,6
6162,8
6163,5
6164,8
6165,8
6166,9
6167,8
6168,9
6169,8
6170,3
6171,8
6172,9
6173,8
6174,5
6175,8
6176,9
6177,8
6178,9
6179,7
6180,9
6181,8
6182,7
6183,9
6184,9
6185,9
6186,6
6187,9
6188,7
6189,8
6190,9
6191,9
6192,9
6193,2
6194,9
6195,7
6196,8
6197,7
6198,5
6199,9
6200,9
6201,7
6202,9
6203,7
6204,8
6205,9
6206,5
6207,8
6208,8
6209,6
6210,9
6211,9
6212,4
6213,9
6214,9
6215,7
6216,9
6217,8
6218,8
6219,7
6220,8
6221,9
6222,9
6223,9
6224,9
6225,7
6226,3
6227,8
6228,2
6229,7
6230,9
6231,9
6232,9
6233,9
6234,8
6235,9
6236,6
6237,3
6238,8
6239,4
6240,5
6241,9
6242,6
6243,7
6244,7
6245,7
6246,8
6247,8
6248,9
6249,8
6250,7
6251,9
6252,6
6253,4
6254,9
6255,9
6256,8
6257,3
6258,8
6259,9
6260,9
6261,8
6262,6
6263,9
6264,6
6265,8
6266,8
6267,7
6268,4
6269,8
6270,6
6271,8
6272,9
6273,6
6274,8
6275,6
6276,8
6277,7
6278,5
6279,9
6280,8
6281,6
6282,6
6283,7
6284,9
6285,6
6286,8
6287,8
6288,8
6289,6
6290,8
6291,8
6292,9
6293,9
6294,6
6295,6
6296,8
6297,7
6298,8
6299,4
6300,8
6301,9
6302,8
6303,7
6304,7
6305,3
6306,6
6307,8
6308,9
6309,9
6310,8
6311,8
6312,9
6313,9
6314,8
6315,6
6316,8
6317,8
6318,4
6319,8
6320,6
6321,8
6322,8
6323,8
6324,5
6325,8
6326,8
6327,8
6328,8
6329,4
6330,3
6331,4
6332,7
6333,6
6334,9
6335,9
6336,7
6337,7
6338,9
6339,2
6340,8
6341,6
6342,2
6343,9
6344,2
6345,7
6346,7
6347,9
6348,7
6349,8
6350,7
6351,8
6352,8
6353,9
6354,2
6355,3
6356,7
6357,5
6358,6
6359,5
6360,8
6361,8
6362,9
6363,7
6364,6
6365,7
6366,8
6367,7
6368,6
6369,7
6370,9
6371,9
6372,9
6373,8
6374,9
6375,9
6376,7
6377,8
6378,6
6379,9
6380,8
6381,6
6382,9
6383,7
6384,7
6385,4
6386,9
6387,6
6388,9
6389,7
6390,5
6391,7
6392,6
6393,7
6394,9
6395,6
6396,8
6397,8
6398,8
6399,5
6400,9
6401,9
6402,9
6403,8
6404,6
6405,9
6406,9
6407,9
6408,8
6409,7
6410,5
6411,6
6412,8
6413,9
6414,9
6415,5
6416,9
6417,8
6418,8
6419,8
6420,8
6421,9
6422,9
6423,7
6424,9
6425,7
6426,8
6427,9
6428,9
6429,9
6430,8
6431,9
6432,9
6433,7
6434,8
6435,6
6436,5
6437,5
6438,9
6439,8
6440,4
6441,5
6442,7
6443,2
6444,9
6445,9
6446,7
6447,7
6448,9
6449,8
6450,9
6451,8
6452,6
6453,9
6454,7
6455,9
6456,8
6457,7
6458,2
6459,7
6460,6
6461,9
6462,9
6463,3
6464,8
6465,6
6466,9
6467,8
6468,6
6469,8
6470,9
6471,6
6472,9
6473,8
6474,9
6475,6
6476,8
6477,9
6478,8
6479,9
6480,6
6481,6
6482,6
6483,9
6484,2
6485,5
6486,8
6487,6
6488,8
6489,9
6490,9
6491,8
6492,7
6493,8
6494,9
6495,9
6496,9
6497,9
6498,3
6499,7
6500,8
6501,7
6502,8
6503,9
6504,8
6505,4
6506,9
6507,5
6508,4
6509,7
6510,6
6511,9
6512,7
6513,6
6514,9
6515,6
6516,7
6517,8
6518,8
6519,9
6520,6
6521,7
6522,7
6523,9
6524,6
6525,7
6526,7
6527,7
6528,8
6529,9
6530,9
6531,9
6532,8
6533,8
6534,9
6535,8
6536,8
6537,8
6538,7
6539,9
6540,9
6541,8
6542,7
6543,7
6544,9
6545,7
6546,8
6547,9
6548,7
6549,9
6550,6
6551,5
6552,8
6553,8
6554,6
6555,9
6556,8
6557,6
6558,8
6559,8
6560,9
6561,9
6562,6
6563,8
6564,6
6565,8
6566,8
6567,8
6568,9
6569,8
6570,7
6571,8
6572,9
6573,8
6574,9
6575,6
6576,7
6577,8
6578,8
6579,9
6580,3
6581,3
6582,8
6583,6
6584,6
6585,8
6586,8
6587,8
6588,7
6589,9
6590,7
6591,6
6592,8
6593,4
6594,7
6595,7
6596,6
6597,9
6598,8
6599,6
6600,6
6601,8
6602,8
6603,9
6604,8
6605,7
6606,8
6607,8
6608,9
6609,9
6610,8
6611,7
6612,9
6613,6
6614,8
6615,7
6616,3
6617,7
6618,9
6619,2
6620,9
6621,3
6622,8
6623,6
6624,6
6625,6
6626,7
6627,3
6628,8
6629,8
6630,7
6631,4
6632,8
6633,7
6634,9
6635,4
6636,3
6637,9
6638,9
6639,9
6640,3
6641,8
6642,8
6643,8
6644,8
6645,9
6646,3
6647,8
6648,7
6649,9
6650,9
6651,4
6652,6
6653,7
6654,3
6655,7
6656,5
6657,8
6658,7
6659,6
6660,9
6661,9
6662,6
6663,8
6664,8
6665,9
6666,4
6667,7
6668,9
6669,8
6670,8
6671,9
6672,7
6673,9
6674,7
6675,8
6676,9
6677,9
6678,6
6679,3
6680,7
6681,9
6682,9
6683,9
6684,6
6685,3
6686,8
6687,7
6688,7
6689,4
6690,9
6691,3
6692,7
6693,9
6694,8
6695,7
6696,2
6697,9
6698,7
6699,9
6700,6
6701,8
6702,6
6703,2
6704,8
6705,4
6706,8
6707,7
6708,7
6709,9
6710,8
6711,8
6712,4
6713,9
6714,6
6715,9
6716,3
6717,5
6718,4
6719,2
6720,9
6721,6
6722,8
6723,8
6724,3
6725,6
6726,6
6727,9
6728,8
6729,7
6730,3
6731,6
6732,9
6733,8
6734,7
6735,8
6736,7
6737,6
6738,8
6739,3
6740,8
6741,3
6742,9
6743,8
6744,9
6745,6
6746,9
6747,8
6748,8
6749,8
6750,5
6751,8
6752,9
6753,4
6754,9
6755,5
6756,9
6757,9
6758,8
6759,4
6760,9
6761,8
6762,9
6763,8
6764,8
6765,6
6766,9
6767,9
6768,6
6769,6
6770,7
6771,7
6772,6
6773,8
6774,9
6775,7
6776,9
6777,6
6778,4
6779,8
6780,6
6781,8
6782,9
6783,8
6784,9
6785,9
6786,8
6787,9
6788,9
6789,9
6790,9
6791,3
6792,6
6793,9
6794,7
6795,2
6796,8
6797,9
6798,6
6799,9
6800,9
6801,7
6802,7
6803,6
6804,9
6805,4
6806,8
6807,8
6808,8
6809,7
6810,9
6811,9
6812,7
6813,8
6814,4
6815,8
6816,5
6817,4
6818,5
6819,8
6820,8
6821,9
6822,8
6823,4
6824,5
6825,6
6826,8
6827,9
6828,8
6829,5
6830,7
6831,9
6832,9
6833,9
6834,9
6835,2
6836,7
6837,8
6838,8
6839,9
6840,7
6841,5
6842,8
6843,8
6844,4
6845,9
6846,7
6847,8
6848,6
6849,4
6850,3
6851,9
6852,9
6853,8
6854,8
6855,9
6856,9
6857,6
6858,9
6859,2
6860,4
6861,4
6862,7
6863,6
6864,5
6865,3
6866,8
6867,1
6868,3
6869,8
6870,3
6871,4
6872,7
6873,9
6874,9
6875,7
6876,4
6877,6
6878,8
6879,9
6880,9
6881,8
6882,6
6883,6
6884,6
6885,9
6886,7
6887,5
6888,7
6889,9
6890,9
6891,9
6892,7
6893,9
6894,4
6895,1
6896,7
6897,5
6898,9
6899,4
6900,7
6901,7
6902,9
6903,9
6904,8
6905,9
6906,8
6907,8
6908,9
6909,1
6910,4
6911,7
6912,8
6913,9
6914,8
6915,9
6916,3
6917,8
6918,8
6919,6
6920,9
6921,7
6922,5
6923,8
6924,7
6925,8
6926,9
6927,9
6928,8
6929,8
6930,2
6931,7
6932,9
6933,9
6934,9
6935,7
6936,5
6937,8
6938,9
6939,5
6940,7
6941,9
6942,8
6943,7
6944,9
6945,7
6946,8
6947,9
6948,8
6949,9
6950,7
6951,8
6952,7
6953,9
6954,9
6955,8
6956,7
6957,9
6958,3
6959,6
6960,6
6961,6
6962,9
6963,8
6964,3
6965,8
6966,8
6967,9
6968,8
6969,7
6970,7
6971,7
6972,8
6973,4
6974,9
6975,7
6976,8
6977,6
6978,3
6979,7
6980,5
6981,9
6982,9
6983,9
6984,5
6985,6
6986,6
6987,7
6988,8
6989,9
6990,7
6991,8
6992,7
6993,5
6994,8
6995,6
6996,9
6997,9
6998,9
6999,3
7000,8
7001,5
7002,9
7003,8
7004,8
7005,8
7006,7
7007,8
7008,8
7009,4
7010,6
7011,9
7012,8
7013,7
7014,7
7015,9
7016,8
7017,9
7018,9
7019,7
7020,8
7021,7
7022,8
7023,9
7024,8
7025,8
7026,6
7027,8
7028,6
7029,9
7030,8
7031,5
7032,7
7033,6
7034,4
7035,8
7036,8
7037,9
7038,9
7039,4
7040,9
7041,8
7042,8
7043,8
7044,9
7045,9
7046,9
7047,9
7048,6
7049,9
7050,8
7051,6
7052,8
7053,7
7054,8
7055,8
7056,8
7057,9
7058,4
7059,8
7060,9
7061,6
7062,9
7063,9
7064,7
7065,8
7066,9
7067,5
7068,5
7069,8
7070,5
7071,9
7072,5
7073,8
7074,9
7075,7
7076,7
7077,8
7078,8
7079,6
7080,7
7081,6
7082,9
7083,7
7084,8
7085,9
7086,7
7087,9
7088,9
7089,9
7090,7
7091,9
7092,8
7093,8
7094,8
7095,8
7096,8
7097,9
7098,5
7099,2
7100,9
7101,5
7102,8
7103,9
7104,7
7105,9
7106,7
7107,8
7108,2
7109,9
7110,7
7111,6
7112,9
7113,7
7114,9
7115,4
7116,9
7117,7
7118,2
7119,5
7120,8
7121,7
7122,9
7123,8
7124,7
7125,8
7126,6
7127,6
7128,8
7129,8
7130,3
7131,9
7132,9
7133,2
7134,8
7135,6
7136,9
7137,7
7138,8
7139,7
7140,8
7141,8
7142,8
7143,8
7144,7
7145,6
7146,8
7147,9
7148,7
7149,8
7150,9
7151,9
7152,7
7153,2
7154,8
7155,4
7156,9
7157,8
7158,9
7159,8
7160,6
7161,9
7162,8
7163,8
7164,9
7165,6
7166,8
7167,8
7168,3
7169,8
7170,7
7171,8
7172,9
7173,8
7174,6
7175,7
7176,6
7177,8
7178,9
7179,5
7180,8
7181,3
7182,7
7183,9
7184,9
7185,9
7186,8
7187,9
7188,8
7189,3
7190,9
7191,4
7192,9
7193,9
7194,8
7195,8
7196,8
7197,6
7198,6
7199,7
7200,8
7201,5
7202,8
7203,8
7204,7
7205,3
7206,8
7207,4
7208,6
7209,6
7210,9
7211,9
7212,2
7213,9
7214,9
7215,7
7216,8
7217,6
7218,9
7219,5
7220,9
7221,7
7222,6
7223,9
7224,6
7225,9
7226,8
7227,6
7228,6
7229,9
7230,8
7231,9
7232,8
7233,7
7234,9
7235,9
7236,9
7237,9
7238,8
7239,4
7240,9
7241,8
7242,8
7243,7
7244,9
7245,9
7246,9
7247,9
7248,7
7249,6
7250,3
7251,7
7252,9
7253,7
7254,8
7255,9
7256,6
7257,8
7258,7
7259,5
7260,7
7261,8
7262,8
7263,8
7264,9
7265,9
7266,7
7267,9
7268,9
7269,5
7270,4
7271,6
7272,9
7273,5
7274,9
7275,2
7276,3
7277,8
7278,4
7279,4
7280,9
7281,8
7282,4
7283,8
7284,7
7285,8
7286,5
7287,8
7288,9
7289,8
7290,9
7291,9
7292,4
7293,8
7294,2
7295,8
7296,8
7297,8
7298,9
7299,3
7300,8
7301,4
7302,9
7303,2
7304,6
7305,4
7306,3
7307,6
7308,8
7309,8
7310,5
7311,6
7312,6
7313,9
7314,9
7315,2
7316,9
7317,7
7318,6
7319,8
7320,9
7321,8
7322,9
7323,7
7324,9
7325,4
7326,7
7327,9
7328,6
7329,4
7330,2
7331,8
7332,9
7333,8
7334,7
7335,8
7336,9
7337,5
7338,8
7339,6
7340,6
7341,7
7342,7
7343,8
7344,9
7345,8
7346,9
7347,9
7348,4
7349,6
7350,9
7351,8
7352,8
7353,9
7354,8
7355,9
7356,8
7357,7
7358,8
7359,6
7360,2
7361,4
7362,8
7363,8
7364,9
7365,9
7366,6
7367,8
7368,8
7369,8
7370,9
7371,8
7372,6
7373,3
7374,9
7375,9
7376,8
7377,2
7378,3
7379,4
7380,8
7381,8
7382,6
7383,8
7384,7
7385,6
7386,9
7387,5
7388,5
7389,8
7390,9
7391,8
7392,9
7393,8
7394,9
7395,7
7396,9
7397,8
7398,5
7399,9
7400,9
7401,8
7402,9
7403,8
7404,8
7405,7
7406,9
7407,8
7408,8
7409,6
7410,8
7411,7
7412,9
7413,9
7414,8
7415,7
7416,9
7417,9
7418,8
7419,8
7420,9
7421,8
7422,9
7423,9
7424,5
7425,2
7426,8
7427,9
7428,9
7429,9
7430,7
7431,9
7432,7
7433,8
7434,6
7435,8
7436,9
7437,8
7438,8
7439,1
7440,6
7441,9
7442,7
7443,8
7444,4
7445,9
7446,6
7447,7
7448,7
7449,8
7450,3
7451,8
7452,9
7453,7
7454,4
7455,6
7456,6
7457,6
7458,8
7459,8
7460,9
7461,3
7462,7
7463,7
7464,9
7465,8
7466,5
7467,7
7468,2
7469,9
7470,7
7471,7
7472,6
7473,8
7474,7
7475,5
7476,9
7477,8
7478,8
7479,4
7480,9
7481,2
7482,8
7483,7
7484,8
7485,9
7486,7
7487,8
7488,7
7489,6
7490,9
7491,6
7492,9
7493,8
7494,8
7495,8
7496,5
7497,9
7498,9
7499,9
7500,4
7501,8
7502,9
7503,9
7504,7
7505,8
7506,8
7507,9
7508,8
7509,9
7510,7
7511,9
7512,5
7513,9
7514,8
7515,7
7516,8
7517,9
7518,9
7519,4
7520,6
7521,7
7522,8
7523,8
7524,2
7525,8
7526,6
7527,8
7528,5
7529,7
7530,9
7531,9
7532,9
7533,8
7534,8
7535,6
7536,8
7537,8
7538,9
7539,9
7540,8
7541,9
7542,7
7543,8
7544,7
7545,6
7546,6
7547,9
7548,8
7549,8
7550,7
7551,8
7552,9
7553,3
7554,6
7555,6
7556,9
7557,7
7558,6
7559,9
7560,9
7561,8
7562,8
7563,7
7564,7
7565,7
7566,2
7567,7
7568,9
7569,5
7570,8
7571,8
7572,9
7573,9
7574,9
7575,7
7576,6
7577,8
7578,8
7579,9
7580,6
7581,8
7582,8
7583,4
7584,5
7585,7
7586,8
7587,6
7588,6
7589,7
7590,7
7591,6
7592,8
7593,8
7594,6
7595,8
7596,8
7597,7
7598,4
7599,7
7600,8
7601,8
7602,8
7603,8
7604,8
7605,2
7606,9
7607,9
7608,7
7609,7
7610,9
7611,7
7612,8
7613,9
7614,8
7615,7
7616,3
7617,8
7618,3
7619,8
7620,7
7621,3
7622,9
7623,4
7624,8
7625,7
7626,6
7627,9
7628,8
7629,8
7630,6
7631,7
7632,6
7633,9
7634,1
7635,8
7636,9
7637,9
7638,9
7639,8
7640,8
7641,9
7642,5
7643,9
7644,8
7645,8
7646,5
7647,9
7648,8
7649,7
7650,9
7651,9
7652,3
7653,8
7654,8
7655,8
7656,9
7657,6
7658,9
7659,9
7660,7
7661,8
7662,7
7663,8
7664,8
7665,9
7666,9
7667,9
7668,2
7669,8
7670,2
7671,8
7672,9
7673,7
7674,8
7675,9
7676,7
7677,5
7678,9
7679,9
7680,9
7681,9
7682,7
7683,7
7684,9
7685,8
7686,9
7687,8
7688,8
7689,9
7690,9
7691,3
7692,8
7693,4
7694,5
7695,7
7696,9
7697,6
7698,8
7699,8
7700,9
7701,8
7702,8
7703,8
7704,2
7705,4
7706,7
7707,8
7708,8
7709,8
7710,6
7711,2
7712,8
7713,8
7714,8
7715,9
7716,9
7717,6
7718,9
7719,8
7720,9
7721,9
7722,8
7723,7
7724,4
7725,8
7726,8
7727,5
7728,9
7729,5
7730,9
7731,9
7732,7
7733,9
7734,9
7735,7
7736,6
7737,8
7738,9
7739,6
7740,5
7741,8
7742,6
7743,3
7744,8
7745,9
7746,6
7747,8
7748,7
7749,7
7750,7
7751,7
7752,7
7753,9
7754,9
7755,9
7756,9
7757,8
7758,9
7759,8
7760,8
7761,9
7762,8
7763,9
7764,2
7765,8
7766,7
7767,8
7768,8
7769,3
7770,8
7771,9
7772,9
7773,8
7774,8
7775,9
7776,9
7777,9
7778,9
7779,8
7780,9
7781,3
7782,8
7783,8
7784,9
7785,8
7786,3
7787,9
7788,4
7789,8
7790,5
7791,8
7792,9
7793,8
7794,6
7795,8
7796,8
7797,5
7798,5
7799,9
7800,9
7801,6
7802,8
7803,9
7804,8
7805,9
7806,8
7807,8
7808,9
7809,9
7810,8
7811,9
7812,8
7813,7
7814,7
7815,3
7816,8
7817,8
7818,7
7819,9
7820,8
7821,8
7822,8
7823,9
7824,4
7825,3
7826,8
7827,9
7828,9
7829,8
7830,9
7831,9
7832,9
7833,7
7834,5
7835,6
7836,9
7837,9
7838,7
7839,8
7840,8
7841,8
7842,8
7843,8
7844,8
7845,9
7846,3
7847,6
7848,7
7849,9
7850,8
7851,8
7852,9
7853,9
7854,2
7855,3
7856,7
7857,8
7858,7
7859,8
7860,8
7861,5
7862,9
7863,5
7864,8
7865,8
7866,8
7867,7
7868,6
7869,4
7870,8
7871,9
7872,7
7873,8
7874,7
7875,9
7876,4
7877,9
7878,9
7879,8
7880,8
7881,8
7882,4
7883,9
7884,8
7885,9
7886,8
7887,5
7888,8
7889,2
7890,9
7891,6
7892,9
7893,3
7894,3
7895,7
7896,2
7897,9
7898,8
7899,8
7900,8
7901,7
7902,8
7903,6
7904,9
7905,8
7906,9
7907,6
7908,7
7909,8
7910,6
7911,8
7912,9
7913,7
7914,9
7915,5
7916,8
7917,9
7918,9
7919,4
7920,9
7921,9
7922,1
7923,8
7924,9
7925,7
7926,6
7927,9
7928,4
7929,9
7930,7
7931,4
7932,9
7933,7
7934,9
7935,7
7936,7
7937,7
7938,6
7939,8
7940,8
7941,7
7942,8
7943,8
7944,9
7945,8
7946,9
7947,9
7948,9
7949,9
7950,7
7951,8
7952,4
7953,6
7954,9
7955,9
7956,8
7957,5
7958,8
7959,9
7960,8
7961,9
7962,9
7963,5
7964,8
7965,5
7966,9
7967,8
7968,8
7969,5
7970,8
7971,9
7972,3
7973,5
7974,8
7975,5
7976,8
7977,7
7978,7
7979,8
7980,9
7981,7
7982,9
7983,8
7984,8
7985,8
7986,3
7987,9
7988,8
7989,7
7990,5
7991,8
7992,9
7993,8
7994,9
7995,6
7996,9
7997,9
7998,3
7999,7
8000,9
8001,5
8002,8
8003,6
8004,9
8005,4
8006,9
8007,8
8008,8
8009,6
8010,3
8011,7
8012,8
8013,7
8014,9
8015,7
8016,9
8017,8
8018,6
8019,6
8020,8
8021,5
8022,8
8023,9
8024,6
8025,9
8026,7
8027,9
8028,8
8029,9
8030,7
8031,9
8032,7
8033,9
8034,7
8035,9
8036,8
8037,7
8038,9
8039,2
8040,8
8041,9
8042,9
8043,3
8044,6
8045,6
8046,6
8047,9
8048,8
8049,8
8050,8
8051,7
8052,6
8053,8
8054,8
8055,8
8056,8
8057,8
8058,6
8059,8
8060,8
8061,7
8062,9
8063,9
8064,7
8065,8
8066,9
8067,7
8068,8
8069,7
8070,8
8071,9
8072,8
8073,5
8074,8
8075,8
8076,5
8077,9
8078,1
8079,9
8080,7
8081,9
8082,8
8083,8
8084,6
8085,8
8086,4
8087,9
8088,9
8089,9
8090,7
8091,5
8092,7
8093,9
8094,6
8095,9
8096,9
8097,9
8098,9
8099,8
8100,8
8101,7
8102,7
8103,2
8104,8
8105,6
8106,9
8107,8
8108,3
8109,8
8110,9
8111,9
8112,7
8113,8
8114,6
8115,8
8116,8
8117,8
8118,8
8119,2
8120,5
8121,8
8122,8
8123,9
8124,9
8125,8
8126,5
8127,9
8128,9
8129,6
8130,6
8131,9
8132,8
8133,9
8134,8
8135,7
8136,8
8137,8
8138,8
8139,9
8140,8
8141,9
8142,7
8143,6
8144,9
8145,6
8146,5
8147,9
8148,5
8149,8
8150,9
8151,8
8152,9
8153,8
8154,9
8155,7
8156,8
8157,8
8158,8
8159,9
8160,8
8161,8
8162,9
8163,8
8164,4
8165,8
8166,9
8167,6
8168,9
8169,9
8170,7
8171,5
8172,4
8173,3
8174,9
8175,5
8176,4
8177,4
8178,9
8179,7
8180,7
8181,9
8182,7
8183,8
8184,8
8185,9
8186,6
8187,9
8188,6
8189,8
8190,9
8191,7
8192,9
8193,9
8194,9
8195,9
8196,7
8197,9
8198,9
8199,8
8200,5
8201,9
8202,9
8203,7
8204,4
8205,2
8206,9
8207,8
8208,5
8209,8
8210,9
8211,9
8212,9
8213,8
8214,6
8215,8
8216,8
8217,4
8218,8
8219,8
8220,3
8221,4
8222,7
8223,6
8224,9
8225,9
8226,7
8227,8
8228,8
8229,6
8230,5
8231,5
8232,7
8233,9
8234,9
8235,2
8236,8
8237,4
8238,9
8239,8
8240,8
8241,8
8242,3
8243,9
8244,2
8245,7
8246,5
8247,9
8248,9
8249,4
8250,7
8251,6
8252,7
8253,9
8254,9
8255,8
8256,9
8257,7
8258,9
8259,4
8260,8
8261,4
8262,8
8263,9
8264,6
8265,8
8266,9
8267,8
8268,9
8269,5
8270,4
8271,5
8272,8
8273,6
8274,8
8275,8
8276,9
8277,8
8278,8
8279,2
8280,9
8281,9
8282,8
8283,7
8284,8
8285,9
8286,7
8287,9
8288,7
8289,2
8290,9
8291,9
8292,7
8293,8
8294,8
8295,9
8296,6
8297,2
8298,6
8299,9
8300,5
8301,8
8302,8
8303,8
8304,8
8305,5
8306,8
8307,8
8308,7
8309,7
8310,9
8311,9
8312,8
8313,8
8314,9
8315,8
8316,9
8317,9
8318,7
8319,8
8320,9
8321,8
8322,3
8323,2
8324,8
8325,8
8326,9
8327,8
8328,6
8329,7
8330,8
8331,8
8332,8
8333,9
8334,6
8335,5
8336,5
8337,8
8338,7
8339,8
8340,6
8341,9
8342,8
8343,8
8344,8
8345,8
8346,9
8347,9
8348,2
8349,3
8350,8
8351,6
8352,8
8353,9
8354,8
8355,8
8356,6
8357,9
8358,6
8359,9
8360,9
8361,8
8362,6
8363,4
8364,8
8365,9
8366,9
8367,9
8368,8
8369,9
8370,9
8371,7
8372,8
8373,8
8374,3
8375,9
8376,6
8377,8
8378,9
8379,8
8380,7
8381,7
8382,7
8383,9
8384,8
8385,8
8386,7
8387,9
8388,5
8389,9
8390,9
8391,6
8392,7
8393,8
8394,8
8395,9
8396,5
8397,0
8398,5
8399,8
8400,9
8401,8
8402,4
8403,7
8404,6
8405,8
8406,8
8407,5
8408,8
8409,7
8410,7
8411,8
8412,9
8413,9
8414,8
8415,7
8416,9
8417,7
8418,4
8419,7
8420,8
8421,9
8422,4
8423,2
8424,9
8425,8
8426,9
8427,8
8428,5
8429,9
8430,6
8431,5
8432,6
8433,8
8434,9
8435,5
8436,3
8437,6
8438,8
8439,9
8440,3
8441,9
8442,2
8443,8
8444,8
8445,8
8446,8
8447,5
8448,2
8449,9
8450,8
8451,8
8452,8
8453,8
8454,8
8455,4
8456,7
8457,9
8458,8
8459,6
8460,9
8461,9
8462,9
8463,5
8464,9
8465,8
8466,7
8467,8
8468,8
8469,8
8470,8
8471,5
8472,7
8473,4
8474,9
8475,8
8476,8
8477,8
8478,9
8479,6
8480,5
8481,5
8482,8
8483,9
8484,3
8485,9
8486,8
8487,8
8488,7
8489,8
8490,8
8491,9
8492,9
8493,8
8494,2
8495,9
8496,8
8497,6
8498,8
8499,9
8500,4
8501,5
8502,8
8503,9
8504,8
8505,8
8506,8
8507,8
8508,9
8509,8
8510,8
8511,6
8512,9
8513,9
8514,8
8515,8
8516,7
8517,9
8518,8
8519,7
8520,7
8521,6
8522,5
8523,7
8524,7
8525,2
8526,6
8527,8
8528,9
8529,9
8530,9
8531,7
8532,5
8533,8
8534,9
8535,5
8536,8
8537,8
8538,8
8539,5
8540,4
8541,9
8542,7
8543,8
8544,8
8545,9
8546,8
8547,9
8548,7
8549,7
8550,4
8551,3
8552,6
8553,9
8554,7
8555,7
8556,8
8557,9
8558,9
8559,9
8560,9
8561,9
8562,9
8563,9
8564,8
8565,7
8566,8
8567,6
8568,6
8569,8
8570,9
8571,9
8572,9
8573,5
8574,4
8575,9
8576,8
8577,1
8578,4
8579,8
8580,8
8581,8
8582,7
8583,9
8584,9
8585,8
8586,8
8587,8
8588,5
8589,3
8590,8
8591,9
8592,7
8593,8
8594,8
8595,8
8596,9
8597,3
8598,7
8599,3
8600,9
8601,9
8602,9
8603,8
8604,8
8605,2
8606,9
8607,8
8608,4
8609,9
8610,8
8611,8
8612,8
8613,8
8614,6
8615,2
8616,6
8617,8
8618,7
8619,9
8620,6
8621,4
8622,8
8623,2
8624,8
8625,6
8626,8
8627,8
8628,9
8629,3
8630,6
8631,8
8632,9
8633,5
8634,9
8635,8
8636,8
8637,3
8638,7
8639,9
8640,9
8641,7
8642,8
8643,9
8644,8
8645,6
8646,7
8647,9
8648,7
8649,6
8650,5
8651,8
8652,9
8653,7
8654,3
8655,9
8656,7
8657,6
8658,6
8659,7
8660,7
8661,3
8662,6
8663,7
8664,9
8665,9
8666,8
8667,9
8668,3
8669,8
8670,9
8671,8
8672,5
8673,8
8674,8
8675,8
8676,6
8677,6
8678,6
8679,8
8680,8
8681,5
8682,9
8683,5
8684,8
8685,9
8686,7
8687,8
8688,6
8689,8
8690,9
8691,9
8692,7
8693,9
8694,7
8695,5
8696,5
8697,8
8698,8
8699,8
8700,3
8701,2
8702,9
8703,8
8704,9
8705,9
8706,7
8707,6
8708,7
8709,8
8710,8
8711,8
8712,3
8713,7
8714,8
8715,7
8716,7
8717,8
8718,7
8719,8
8720,8
8721,9
8722,9
8723,9
8724,8
8725,8
8726,7
8727,7
8728,9
8729,8
8730,6
8731,7
8732,9
8733,8
8734,9
8735,8
8736,9
8737,5
8738,7
8739,7
8740,8
8741,6
8742,9
8743,8
8744,6
8745,3
8746,5
8747,7
8748,8
8749,9
8750,9
8751,6
8752,9
8753,7
8754,6
8755,9
8756,9
8757,2
8758,7
8759,9
8760,8
8761,9
8762,8
8763,7
8764,9
8765,9
8766,9
8767,8
8768,9
8769,3
8770,9
8771,3
8772,9
8773,9
8774,3
8775,8
8776,6
8777,4
8778,2
8779,7
8780,9
8781,8
8782,6
8783,7
8784,8
8785,3
8786,4
8787,8
8788,9
8789,3
8790,5
8791,8
8792,7
8793,7
8794,5
8795,8
8796,8
8797,9
8798,9
8799,7
8800,8
8801,8
8802,7
8803,8
8804,7
8805,9
8806,9
8807,9
8808,9
8809,9
8810,8
8811,8
8812,8
8813,9
8814,8
8815,9
8816,9
8817,5
8818,9
8819,9
8820,9
8821,4
8822,9
8823,8
8824,9
8825,7
8826,6
8827,8
8828,2
8829,8
8830,8
8831,9
8832,8
8833,8
8834,7
8835,7
8836,7
8837,7
8838,9
8839,7
8840,8
8841,4
8842,9
8843,7
8844,6
8845,8
8846,9
8847,9
8848,8
8849,5
8850,9
8851,7
8852,4
8853,8
8854,9
8855,8
8856,9
8857,6
8858,5
8859,9
8860,7
8861,7
8862,7
8863,8
8864,8
8865,6
8866,8
8867,8
8868,9
8869,8
8870,9
8871,8
8872,8
8873,9
8874,9
8875,7
8876,2
8877,6
8878,2
8879,9
8880,7
8881,5
8882,3
8883,3
8884,8
8885,9
8886,2
8887,4
8888,7
8889,3
8890,8
8891,8
8892,9
8893,8
8894,9
8895,9
8896,6
8897,7
8898,8
8899,9
8900,9
8901,7
8902,9
8903,9
8904,4
8905,9
8906,9
8907,3
8908,6
8909,6
8910,8
8911,9
8912,9
8913,8
8914,8
8915,9
8916,9
8917,8
8918,7
8919,5
8920,5
8921,1
8922,6
8923,4
8924,8
8925,6
8926,1
8927,2
8928,9
8929,6
8930,9
8931,9
8932,3
8933,8
8934,8
8935,8
8936,3
8937,8
8938,2
8939,7
8940,9
8941,8
8942,9
8943,8
8944,2
8945,9
8946,8
8947,9
8948,8
8949,5
8950,9
8951,7
8952,7
8953,8
8954,9
8955,9
8956,4
8957,9
8958,5
8959,7
8960,9
8961,9
8962,8
8963,6
8964,5
8965,6
8966,6
8967,9
8968,9
8969,9
8970,8
8971,7
8972,6
8973,7
8974,9
8975,9
8976,2
8977,9
8978,4
8979,9
8980,9
8981,9
8982,8
8983,9
8984,8
8985,5
8986,9
8987,9
8988,9
8989,9
8990,9
8991,6
8992,8
8993,9
8994,9
8995,8
8996,8
8997,9
8998,8
8999,9
9000,6
9001,8
9002,8
9003,7
9004,8
9005,7
9006,7
9007,7
9008,6
9009,9
9010,7
9011,7
9012,8
9013,9
9014,8
9015,8
9016,9
9017,5
9018,4
9019,9
9020,8
9021,8
9022,9
9023,9
9024,9
9025,9
9026,9
9027,3
9028,6
9029,8
9030,5
9031,6
9032,8
9033,2
9034,9
9035,8
9036,8
9037,8
9038,8
9039,5
9040,8
9041,8
9042,9
9043,9
9044,5
9045,2
9046,8
9047,4
9048,8
9049,8
9050,9
9051,9
9052,3
9053,4
9054,9
9055,9
9056,2
9057,6
9058,6
9059,6
9060,9
9061,5
9062,9
9063,8
9064,8
9065,8
9066,6
9067,9
9068,7
9069,9
9070,9
9071,8
9072,4
9073,8
9074,7
9075,6
9076,6
9077,8
9078,9
9079,8
9080,6
9081,1
9082,6
9083,4
9084,6
9085,9
9086,5
9087,9
9088,9
9089,9
9090,7
9091,8
9092,8
9093,8
9094,6
9095,9
9096,9
9097,8
9098,5
9099,9
9100,5
9101,7
9102,9
9103,9
9104,9
9105,7
9106,5
9107,8
9108,8
9109,5
9110,6
9111,5
9112,7
9113,9
9114,7
9115,8
9116,8
9117,8
9118,9
9119,3
9120,4
9121,9
9122,8
9123,9
9124,7
9125,9
9126,8
9127,4
9128,8
9129,7
9130,6
9131,8
9132,3
9133,8
9134,8
9135,9
9136,8
9137,9
9138,8
9139,9
9140,9
9141,8
9142,6
9143,6
9144,8
9145,5
9146,8
9147,8
9148,8
9149,9
9150,6
9151,8
9152,7
9153,6
9154,7
9155,8
9156,8
9157,8
9158,9
9159,8
9160,8
9161,8
9162,7
9163,9
9164,8
9165,6
9166,9
9167,7
9168,6
9169,7
9170,8
9171,8
9172,8
9173,9
9174,6
9175,9
9176,9
9177,8
9178,9
9179,8
9180,9
9181,4
9182,8
9183,8
9184,9
9185,6
9186,9
9187,2
9188,9
9189,9
9190,7
9191,9
9192,9
9193,7
9194,3
9195,7
9196,6
9197,9
9198,8
9199,6
9200,9
9201,9
9202,5
9203,9
9204,9
9205,8
9206,9
9207,7
9208,9
9209,8
9210,5
9211,6
9212,8
9213,6
9214,7
9215,9
9216,9
9217,8
9218,9
9219,7
9220,9
9221,9
9222,8
9223,8
9224,8
9225,9
9226,9
9227,8
9228,9
9229,8
9230,8
9231,8
9232,9
9233,9
9234,9
9235,5
9236,3
9237,9
9238,7
9239,7
9240,9
9241,7
9242,6
9243,9
9244,9
9245,8
9246,8
9247,8
9248,6
9249,8
9250,2
9251,5
9252,6
9253,5
9254,8
9255,8
9256,7
9257,7
9258,8
9259,8
9260,7
9261,3
9262,7
9263,9
9264,8
9265,4
9266,7
9267,6
9268,2
9269,9
9270,6
9271,2
9272,9
9273,8
9274,4
9275,9
9276,8
9277,3
9278,7
9279,7
9280,9
9281,6
9282,9
9283,9
9284,9
9285,8
9286,6
9287,6
9288,8
9289,9
9290,4
9291,8
9292,8
9293,9
9294,9
9295,6
9296,9
9297,6
9298,7
9299,9
9300,2
9301,5
9302,1
9303,6
9304,7
9305,8
9306,8
9307,4
9308,8
9309,8
9310,5
9311,5
9312,8
9313,8
9314,8
9315,6
9316,8
9317,8
9318,7
9319,9
9320,9
9321,3
9322,9
9323,8
9324,6
9325,9
9326,8
9327,6
9328,8
9329,7
9330,8
9331,7
9332,9
9333,8
9334,9
9335,3
9336,7
9337,9
9338,4
9339,4
9340,9
9341,8
9342,5
9343,8
9344,8
9345,7
9346,6
9347,9
9348,8
9349,8
9350,8
9351,8
9352,3
9353,8
9354,8
9355,9
9356,9
9357,6
9358,8
9359,2
9360,9
9361,9
9362,8
9363,8
9364,9
9365,8
9366,8
9367,9
9368,8
9369,9
9370,8
9371,8
9372,9
9373,6
9374,9
9375,5
9376,8
9377,8
9378,9
9379,8
9380,8
9381,9
9382,7
9383,6
9384,5
9385,9
9386,8
9387,9
9388,9
9389,8
9390,8
9391,9
9392,8
9393,8
9394,9
9395,3
9396,8
9397,9
9398,4
9399,6
9400,8
9401,4
9402,6
9403,9
9404,7
9405,9
9406,8
9407,9
9408,8
9409,9
9410,9
9411,8
9412,6
9413,8
9414,7
9415,8
9416,9
9417,8
9418,9
9419,6
9420,8
9421,7
9422,9
9423,9
9424,5
9425,4
9426,8
9427,9
9428,9
9429,8
9430,2
9431,8
9432,6
9433,9
9434,8
9435,5
9436,9
9437,8
9438,7
9439,8
9440,8
9441,8
9442,9
9443,5
9444,8
9445,6
9446,9
9447,8
9448,8
9449,7
9450,4
9451,2
9452,8
9453,8
9454,7
9455,8
9456,5
9457,7
9458,7
9459,7
9460,8
9461,5
9462,7
9463,7
9464,6
9465,6
9466,7
9467,4
9468,8
9469,9
9470,8
9471,9
9472,3
9473,9
9474,3
9475,5
9476,8
9477,2
9478,9
9479,6
9480,9
9481,8
9482,7
9483,3
9484,8
9485,8
9486,6
9487,8
9488,8
9489,8
9490,4
9491,7
9492,9
9493,8
9494,6
9495,9
9496,2
9497,2
9498,8
9499,8
9500,3
9501,8
9502,8
9503,8
9504,6
9505,9
9506,8
9507,4
9508,8
9509,9
9510,8
9511,7
9512,8
9513,8
9514,5
9515,7
9516,9
9517,6
9518,9
9519,9
9520,9
9521,8
9522,9
9523,8
9524,6
9525,9
9526,8
9527,7
9528,9
9529,7
9530,7
9531,2
9532,6
9533,8
9534,9
9535,7
9536,8
9537,8
9538,9
9539,8
9540,8
9541,8
9542,5
9543,7
9544,6
9545,8
9546,6
9547,7
9548,9
9549,8
9550,9
9551,9
9552,8
9553,6
9554,9
9555,9
9556,7
9557,8
9558,3
9559,9
9560,6
9561,3
9562,8
9563,9
9564,9
9565,8
9566,3
9567,8
9568,8
9569,8
9570,8
9571,8
9572,9
9573,4
9574,8
9575,8
9576,4
9577,6
9578,8
9579,8
9580,6
9581,2
9582,7
9583,4
9584,7
9585,9
9586,6
9587,9
9588,2
9589,6
9590,6
9591,8
9592,9
9593,7
9594,9
9595,8
9596,9
9597,8
9598,7
9599,6
9600,9
9601,9
9602,5
9603,8
9604,9
9605,2
9606,3
9607,9
9608,6
9609,8
9610,8
9611,4
9612,9
9613,9
9614,8
9615,8
9616,7
9617,7
9618,7
9619,3
9620,7
9621,6
9622,8
9623,7
9624,6
9625,8
9626,8
9627,7
9628,8
9629,5
9630,6
9631,6
9632,4
9633,8
9634,8
9635,6
9636,8
9637,4
9638,9
9639,6
9640,9
9641,8
9642,9
9643,4
9644,9
9645,7
9646,9
9647,9
9648,7
9649,9
9650,7
9651,9
9652,7
9653,2
9654,8
9655,8
9656,9
9657,9
9658,7
9659,8
9660,9
9661,7
9662,8
9663,9
9664,7
9665,8
9666,9
9667,7
9668,4
9669,5
9670,7
9671,8
9672,8
9673,9
9674,8
9675,5
9676,9
9677,9
9678,9
9679,8
9680,9
9681,4
9682,8
9683,7
9684,6
9685,8
9686,7
9687,6
9688,8
9689,9
9690,8
9691,8
9692,9
9693,7
9694,7
9695,8
9696,9
9697,4
9698,9
9699,3
9700,9
9701,9
9702,9
9703,8
9704,5
9705,7
9706,8
9707,5
9708,7
9709,4
9710,8
9711,9
9712,8
9713,8
9714,4
9715,8
9716,9
9717,9
9718,8
9719,9
9720,6
9721,4
9722,9
9723,9
9724,8
9725,7
9726,8
9727,9
9728,8
9729,8
9730,9
9731,9
9732,8
9733,9
9734,7
9735,8
9736,4
9737,4
9738,9
9739,8
9740,8
9741,7
9742,7
9743,9
9744,4
9745,6
9746,9
9747,7
9748,2
9749,8
9750,8
9751,6
9752,9
9753,8
9754,6
9755,8
9756,8
9757,6
9758,7
9759,2
9760,7
9761,7
9762,3
9763,4
9764,9
9765,4
9766,9
9767,7
9768,4
9769,6
9770,4
9771,8
9772,3
9773,8
9774,8
9775,8
9776,6
9777,8
9778,8
9779,4
9780,3
9781,6
9782,9
9783,9
9784,9
9785,7
9786,8
9787,8
9788,8
9789,9
9790,9
9791,9
9792,9
9793,9
9794,2
9795,8
9796,4
9797,7
9798,2
9799,8
9800,7
9801,7
9802,9
9803,6
9804,8
9805,9
9806,3
9807,4
9808,9
9809,7
9810,7
9811,9
9812,7
9813,7
9814,8
9815,8
9816,8
9817,3
9818,8
9819,8
9820,7
9821,4
9822,9
9823,7
9824,8
9825,2
9826,6
9827,9
9828,9
9829,9
9830,8
9831,6
9832,7
9833,8
9834,8
9835,9
9836,9
9837,6
9838,9
9839,6
9840,5
9841,8
9842,8
9843,8
9844,8
9845,5
9846,7
9847,8
9848,6
9849,4
9850,9
9851,2
9852,5
9853,7
9854,9
9855,9
9856,2
9857,8
9858,7
9859,9
9860,8
9861,8
9862,9
9863,9
9864,6
9865,7
9866,7
9867,9
9868,6
9869,8
9870,8
9871,7
9872,9
9873,9
9874,9
9875,8
9876,6
9877,8
9878,8
9879,9
9880,8
9881,7
9882,8
9883,4
9884,9
9885,9
9886,9
9887,4
9888,9
9889,8
9890,9
9891,6
9892,9
9893,8
9894,8
9895,8
9896,9
9897,8
9898,5
9899,2
9900,4
9901,9
9902,6
9903,4
9904,8
9905,9
9906,8
9907,8
9908,9
9909,8
9910,9
9911,9
9912,2
9913,8
9914,9
9915,9
9916,8
9917,9
9918,9
9919,7
9920,8
9921,8
9922,1
9923,7
9924,8
9925,8
9926,8
9927,9
9928,3
9929,9
9930,9
9931,9
9932,8
9933,3
9934,7
9935,6
9936,8
9937,8
9938,7
9939,7
9940,8
9941,6
9942,6
9943,9
9944,8
9945,8
9946,9
9947,6
9948,6
9949,9
9950,8
9951,8
9952,9
9953,7
9954,8
9955,4
9956,4
9957,6
9958,8
9959,9
9960,8
9961,9
9962,4
9963,9
9964,8
9965,9
9966,9
9967,9
9968,6
9969,8
9970,5
9971,9
9972,8
9973,9
9974,5
9975,2
9976,9
9977,9
9978,4
9979,9
9980,6
9981,9
9982,8
9983,8
9984,8
9985,9
9986,3
9987,9
9988,7
9989,9
9990,9
9991,7
9992,7
9993,9
9994,8
9995,8
9996,9
9997,8
9998,3
9999,8
